CID,Molecule,INTENSITY/STRENGTH,VALENCE/PLEASANTNESS,BAKERY,SWEET,FRUIT,FISH,GARLIC,SPICES,COLD,SOUR,BURNT,ACID,WARM,MUSKY,SWEATY,AMMONIA/URINOUS,DECAYED,WOOD,GRASS,FLOWER,CHEMICAL
126,4-Hydroxybenzaldehyde ,45.45,49.85,0.5375,21.0875,7.05,0.1625,2,4.2125,4.9875,5.375,1.4375,4.3,3.1875,7.1375,1.2875,2.75,4.4625,0.825,1.5375,7.4875,14.3625
176,Acetic acid ,18.78571429,48,1.785714286,4.904761905,1.047619048,1.80952381,5.80952381,6.619047619,3.595238095,11.64285714,2.80952381,3.071428571,5.19047619,6.976190476,7.238095238,3.785714286,3.380952381,2.80952381,3.166666667,4.714285714,7.595238095
177,Acetaldehyde ,33.24242424,48.66666667,8.257575758,17.92424242,2.651515152,0.636363636,1.045454545,2.181818182,6.242424242,9.363636364,1.151515152,3.439393939,3.515151515,5.181818182,1.621212121,2.333333333,3.363636364,0.651515152,2.878787879,3.46969697,14.09090909
196,Adipic acid ,25.89090909,46.47272727,1.254545455,11.52727273,0.763636364,0.418181818,3.909090909,5.945454545,4.254545455,9.618181818,2.363636364,6.290909091,7.2,8.418181818,6.109090909,1.8,4.963636364,1,2.327272727,5.6,8.763636364
239,Beta-alanine ,36.65151515,50.57575758,1.196969697,13.57575758,3.863636364,1.303030303,3.984848485,5.621212121,4.363636364,8.121212121,3.5,2.848484848,5.803030303,6.318181818,1.348484848,0.818181818,4.848484848,4.257575758,5.787878788,8.909090909,9.909090909
240,Benzaldehyde ,62.06756757,62.16216216,13.56756757,37.95945946,25.7972973,0.567567568,0.824324324,4.283783784,4.891891892,2.932432432,0.364864865,1.648648649,7.662162162,4.027027027,0.283783784,2.608108108,1.121621622,0.175675676,2.527027027,10.89189189,16.87837838
241,Benzene ,16.11904762,44.95238095,1.976190476,5.69047619,0.214285714,2,3.142857143,4.30952381,2.142857143,6.404761905,5.619047619,2.476190476,9.833333333,9.976190476,7.904761905,3.380952381,0.642857143,1.976190476,2.023809524,3.523809524,13.33333333
244,Benzyl alcohol ,60.0989011,49.82417582,2.67032967,21.20879121,10.68131868,1.230769231,1.274725275,6.868131868,7.406593407,3.637362637,3,7.10989011,5.164835165,4.637362637,0.846153846,5.362637363,3.648351648,1.483516484,0.648351648,5.461538462,25.46153846
261,Butyraldehyde ,69.15909091,24.5,1.943181818,2.306818182,1.204545455,2.215909091,4.806818182,6.568181818,1.397727273,18.63636364,7.659090909,10.67045455,6.852272727,21.73863636,10.92045455,10.55681818,11.42045455,3.011363636,0.943181818,2.477272727,17.13636364
263,Butanol ,14.95833333,44.89583333,4.166666667,6.770833333,0.9375,0.645833333,3.375,8.354166667,1.1875,10.64583333,1.291666667,4.479166667,5.395833333,6.854166667,2.333333333,2.1875,1.75,1.333333333,5.208333333,4.083333333,6
311,Citric acid ,24.675,50.725,3.675,16.875,0.325,1.35,2.775,3.6,8.075,13.65,2.825,4.475,6.025,7.025,1.575,2.775,1.425,4.15,1.4,2.55,10.15
325,4-Isopropylbenzyl alcohol ,54.54166667,36.22222222,1.541666667,4.722222222,0.819444444,4.972222222,3,17.05555556,4.527777778,4.555555556,6.083333333,11.16666667,5.027777778,6.819444444,3.944444444,7.513888889,5.680555556,3.180555556,3.5,2.333333333,16.375
326,Cuminaldehyde ,43.21212121,53.74242424,3.727272727,7.454545455,2.166666667,1.590909091,5.5,17.16666667,0.818181818,6.484848485,2.833333333,1.439393939,8.439393939,7.424242424,0.303030303,0.666666667,2.893939394,3.53030303,1.924242424,5.106060606,6.515151515
356,Octane ,48.29032258,52.5483871,1.112903226,19.93548387,9.596774194,0.016129032,2.225806452,4.419354839,9.274193548,5.241935484,0.838709677,7.548387097,3.483870968,3.5,1.306451613,5.322580645,3.048387097,0.661290323,0.403225806,2.790322581,21
379,Octanoic acid ,58.25925926,31.25925926,0.580246914,1.432098765,1.827160494,1.135802469,2.938271605,2.271604938,1.49382716,14.65432099,7.864197531,6.839506173,5.111111111,15.2345679,9.320987654,3.679012346,5.987654321,4.185185185,0.555555556,2.333333333,19.37037037
460,Guaiacol ,59.6627907,38.93604651,3.302325581,8.686046512,1.511627907,1.563953488,2.668604651,7.627906977,4.331395349,5.744186047,9.302325581,6.226744186,4.76744186,7.912790698,2.377906977,3.313953488,4.465116279,2.418604651,2.970930233,5.872093023,19.37790698
650,"2,3-Butanedione ",68.79120879,30.32967033,2.296703297,1.604395604,1.230769231,0.747252747,3.208791209,9.043956044,3.692307692,22.40659341,5.395604396,7.824175824,5.527472527,15.05494505,8.208791209,8.846153846,3.142857143,3.912087912,4.296703297,0.923076923,19.93406593
660,Dihydrocoumarin ,57.1954023,63.3908046,12.48275862,27.28735632,5.172413793,0.195402299,0.172413793,12.47126437,4.034482759,4.310344828,3.563218391,4.436781609,8.666666667,7.356321839,1.356321839,3.218390805,1.551724138,3.701149425,2.83908046,12.75862069,9.83908046
807,Iodine ,61.73529412,27.52941176,0.220588235,5.147058824,0.455882353,2.014705882,3.838235294,5.279411765,6.779411765,12.26470588,6.205882353,14.42647059,5.191176471,10.33823529,7.205882353,11.76470588,11.77941176,1.029411765,2.102941176,4.823529412,24.89705882
875,DL-Tartaric acid ,31.10416667,48.1875,3.604166667,7.541666667,0.625,1.729166667,3.916666667,5.229166667,2.479166667,8.708333333,3.979166667,10.16666667,3,4.375,6.6875,7.333333333,2.354166667,4.895833333,3.958333333,1.375,12.375
887,Methanol ,28,39.27083333,0.833333333,6.104166667,2.145833333,2.729166667,6.083333333,8.083333333,4.458333333,8.8125,3.9375,6.8125,4.9375,10.70833333,7.0625,2.6875,4.166666667,5.770833333,7.0625,7.625,11.6875
957,Octanol ,52.06849315,48.42465753,0.273972603,11.32876712,8.438356164,0.150684932,1.575342466,3.191780822,8.164383562,8,3.452054795,8.219178082,3.630136986,9.767123288,1.657534247,6.835616438,2.095890411,3.780821918,2.575342466,9.643835616,23.28767123
994,DL-Phenylalanine ,57.29220779,46.11688312,4.149350649,17.8961039,3.883116883,1.194805195,2.564935065,4.87012987,2.701298701,7.019480519,10.03246753,3.266233766,7.571428571,9.363636364,2.525974026,4.5,2.545454545,3.409090909,1.155844156,6.435064935,7.493506494
1001,Phenethylamine ,51.35616438,35.32876712,2.082191781,4.205479452,0.904109589,15.68493151,6,5.150684932,2.630136986,16.16438356,5.945205479,5.178082192,9.02739726,12.46575342,7.04109589,8.863013699,8.616438356,4.821917808,4.178082192,8.684931507,12.45205479
1032,Propionic acid ,27.08988764,39.91011236,1.595505618,4.146067416,1.505617978,3.595505618,4.898876404,4.179775281,1.674157303,16.74157303,3.528089888,4.528089888,5.95505618,12.64044944,5.887640449,3.820224719,1.258426966,3.561797753,2.528089888,3.820224719,10.24719101
1049,Pyridine ,16.68292683,51.43902439,6.682926829,11.24390244,3,0,7.12195122,9.975609756,5.585365854,11.17073171,1.87804878,4.682926829,1.414634146,7.902439024,3.585365854,2.658536585,1.902439024,7.292682927,1.609756098,5.024390244,4.414634146
1068,Methyl sulfide ,57.40697674,34.63953488,4.034883721,9.906976744,5.127906977,4.441860465,6.988372093,11.27906977,3.988372093,15.26744186,1.755813953,5.127906977,5.372093023,7.895348837,5.441860465,5.151162791,17.25581395,0.976744186,2.988372093,1.372093023,5.651162791
1110,Succinic acid ,41.24637681,34.73913043,0.072463768,5.15942029,0.347826087,1.362318841,4.623188406,3.84057971,2.826086957,15.57971014,3,5.347826087,2.579710145,14.76811594,11.65217391,3.898550725,2.347826087,3.188405797,1.304347826,1.884057971,13.62318841
1136,4-Methyl-5-thiazoleethanol ,60.56043956,34.38461538,5.637362637,2.406593407,0.098901099,3.307692308,8.428571429,7.087912088,1.813186813,7.626373626,9.351648352,4.472527473,7.78021978,8.582417582,4.483516484,8.461538462,5.395604396,3.516483516,3.868131868,1.813186813,10.69230769
1183,Vanillin ,75.17894737,84.78947368,48.86315789,68.11578947,7.6,0.021052632,0.021052632,9.768421053,1.694736842,0.568421053,1.452631579,0.252631579,17.66315789,0.621052632,0.031578947,0.031578947,0.031578947,0.673684211,0.652631579,7.915789474,2.810526316
2214,Acetovanillone ,55.09589041,49.39726027,3.835616438,14.12328767,4.01369863,0.424657534,3.219178082,12.15068493,1.520547945,8.917808219,8.98630137,2.479452055,10.63013699,7.835616438,1.315068493,3.315068493,3.315068493,4.821917808,4.082191781,5,11.68493151
2345,Benzyl benzoate ,42.13636364,48.01515152,0.742424242,11,3.53030303,1.833333333,1.681818182,3.575757576,6.681818182,7.515151515,2.787878788,2.636363636,6.757575758,8.96969697,3.151515152,4.303030303,2.590909091,2.196969697,1.545454545,10.71212121,17.51515152
2346,Benzyl isothiocyanate ,70.04210526,21.15789474,2.136842105,2.073684211,1.2,6.347368421,7.273684211,6.378947368,0.968421053,13.81052632,18.64210526,8.905263158,6.642105263,14.16842105,9.894736842,9.263157895,11.26315789,4.2,4.357894737,2.105263158,13.03157895
2758,"1,8-Cineole ",60.21686747,60.61445783,5.060240964,16.40963855,4.096385542,0.012048193,0.43373494,8.734939759,10.6746988,3.421686747,1.072289157,5.168674699,8.686746988,2.421686747,0.698795181,3.385542169,2.024096386,0.638554217,6.518072289,11.56626506,22.72289157
2879,p-Cresol ,74.19354839,32.2688172,0.301075269,3.333333333,1.774193548,0.774193548,0.903225806,3.64516129,7.838709677,6.634408602,7.731182796,8.978494624,6.333333333,13.34408602,6.150537634,17.09677419,10.98924731,3.322580645,2.397849462,3.365591398,30.25806452
2969,Decanoic acid ,63.86956522,29.13043478,0.673913043,1.782608696,0.097826087,0.684782609,3,3.684782609,5.739130435,11.09782609,7.652173913,12.86956522,6.043478261,12.83695652,8.391304348,6.413043478,4.054347826,9.217391304,2.630434783,1.391304348,20.68478261
3776,Isopropyl alcohol ,13.24137931,40.51724138,3.344827586,2.586206897,0.206896552,0.689655172,4.827586207,6.137931034,3.137931034,7.034482759,11.13793103,9.413793103,8.310344828,10.37931034,5.206896552,5.310344828,2.034482759,4.896551724,3.655172414,0.310344828,13.51724138
3893,Lauric acid ,56.47297297,33.05405405,0.108108108,3.925675676,0.560810811,1.236486486,3.756756757,3.614864865,3.236486486,12.82432432,8.641891892,7.858108108,6.277027027,13.2972973,7.716216216,7.25,2.97972973,6.783783784,1.540540541,4.527027027,21.16216216
4133,Methyl salicylate ,57.26086957,59.17391304,1.623188406,22.13043478,4.202898551,0.014492754,0.666666667,9.246376812,10.98550725,3.826086957,0.536231884,2.376811594,4.173913043,2.47826087,0.623188406,4.043478261,2.391304348,0.130434783,3.449275362,7.942028986,18.60869565
5541,Triacetin ,51.56097561,37.25609756,2.548780488,5.926829268,2.170731707,2.865853659,3.451219512,6.512195122,2.87804878,31.02439024,6.170731707,14.54878049,5.792682927,5.487804878,5.280487805,4.073170732,3.158536585,0.902439024,0.914634146,3.841463415,11.82926829
5610,Tyramine ,48.42307692,37.44230769,1.134615385,5.923076923,0.173076923,0,0.384615385,2.269230769,2.019230769,5.711538462,13.36538462,8.884615385,5,6.384615385,1.980769231,13.90384615,2.942307692,2.076923077,1.807692308,4.230769231,19.38461538
5779,D-(-)-Ribose ,61.56097561,59.58536585,14.19512195,34.12195122,3.658536585,0.158536585,2.207317073,5.597560976,5.487804878,8.329268293,9.585365854,3.012195122,11.26829268,3.548780488,0.731707317,2.341463415,2.280487805,1.87804878,2.109756098,4.219512195,7.109756098
5780,D-Sorbitol ,60.85135135,34.01351351,4.324324324,3.445945946,0.648648649,6.162162162,8.837837838,5.351351351,3.351351351,11.37837838,20.01351351,4.675675676,6.243243243,9.932432432,7.067567568,5.27027027,13.09459459,2.972972973,3.081081081,2.418918919,7.77027027
5950,L-Alanine ,26.11538462,50.78846154,5.538461538,15.76923077,6.923076923,0.865384615,3.538461538,3.115384615,4.288461538,6.115384615,2.384615385,4.211538462,5.634615385,3.057692308,3.403846154,2.75,0.826923077,2.384615385,0.653846154,5.692307692,6.307692308
5960,Aspartic Acid ,50.98507463,33.94029851,5.47761194,4.71641791,0.552238806,0.626865672,2.029850746,5.686567164,8.28358209,9.731343284,5.194029851,8.850746269,2.865671642,12.80597015,9.343283582,7.253731343,10.20895522,3.686567164,1.597014925,1.701492537,13.47761194
5961,L-Glutamine ,23.48780488,48.87804878,4.341463415,6.853658537,1.512195122,1.707317073,1.926829268,10.36585366,4.268292683,4.975609756,7.048780488,2.048780488,1.658536585,4.951219512,4.170731707,2.463414634,3.097560976,6.585365854,10.36585366,6.12195122,4.609756098
6050,Tributyrin ,53.68421053,29.65789474,1.144736842,1.960526316,0.473684211,3.473684211,5.921052632,3.276315789,3.092105263,20.25,3.381578947,5.960526316,5.381578947,18.57894737,11.36842105,5.263157895,9.894736842,4.078947368,2.842105263,1.815789474,11.13157895
6054,2-Phenylethanol ,67.08602151,56.7311828,2.032258065,19.94623656,4.688172043,0.021505376,0.150537634,5.075268817,3.698924731,4.795698925,1.935483871,5.677419355,5.806451613,6.774193548,3.301075269,4.344086022,2.376344086,2.903225806,6.559139785,29.56989247,14.04301075
6057,L-Tyrosine ,29.07692308,45,0.974358974,5.692307692,0.384615385,0,0,2.153846154,6.487179487,8.358974359,4.615384615,2.051282051,3.923076923,8.512820513,1.923076923,2.564102564,2.974358974,8.128205128,3.615384615,5.076923077,7.179487179
6106,L-Leucine ,61.55421687,32.08433735,7.734939759,11.75903614,2.843373494,0.975903614,2.843373494,5.722891566,2.228915663,17.08433735,5.481927711,6.240963855,10.72289157,15.03614458,14.81927711,5.493975904,14.63855422,4.024096386,1.409638554,3.048192771,10.01204819
6140,L-Phenylalanine ,31.26666667,42.7,2.416666667,7.25,3.383333333,1.016666667,3.166666667,3.15,2.716666667,12.56666667,2.4,3.033333333,4.083333333,13.73333333,9.2,6.516666667,3.1,1.516666667,5.216666667,4.316666667,8.266666667
6184,Hexanal ,61.98507463,27.98507463,0.149253731,0.611940299,0.970149254,2.268656716,0.76119403,3.791044776,6.164179104,14.13432836,5.686567164,6.582089552,5.373134328,14.32835821,7.208955224,7.940298507,9.582089552,6.462686567,3.746268657,2.417910448,19.13432836
6213,Methyl sulfone ,33.52727273,56.76363636,8.818181818,24.63636364,1.909090909,0.581818182,3.072727273,4.690909091,1.963636364,3.545454545,6.563636364,2.272727273,7.090909091,6.345454545,0.381818182,1.472727273,1.145454545,6.527272727,3.054545455,9.509090909,3.672727273
6276,Pentanol ,48.125,33.20833333,0.736111111,4.319444444,1.791666667,1.222222222,2.222222222,4.375,3.694444444,13.68055556,3.916666667,4.902777778,1.583333333,20.69444444,15.11111111,8.736111111,7.180555556,3.222222222,2.013888889,2.319444444,9.347222222
6287,L-Valine ,40.72413793,40.93103448,4.827586207,7.672413793,0.137931034,2,3.568965517,3.24137931,4.75862069,3.206896552,4.74137931,1.517241379,8.344827586,10.53448276,7.482758621,5.017241379,2.362068966,3.051724138,3.103448276,4.189655172,6.75862069
6374,Iodoform ,76.79166667,33.57291667,0.364583333,4.229166667,1.65625,3.041666667,1.854166667,4.40625,6.145833333,10.14583333,5.208333333,16.94791667,5.197916667,10.16666667,3.697916667,12.13541667,4.822916667,1.927083333,0.916666667,3.291666667,42.45833333
6448,Bornyl acetate ,33.14666667,47.33333333,2.146666667,7.493333333,1.84,0.186666667,2.64,5.84,7.6,3.96,1.6,8.493333333,6.346666667,6.573333333,1.24,5.253333333,2.946666667,2.973333333,2.746666667,6.96,19.6
6501,Ethyl 3-methyl-3-phenylglycidate ,37.80434783,58.5,3.869565217,22.5,11.30434783,1.804347826,2.565217391,3.347826087,3.108695652,5.934782609,2.652173913,0.956521739,7.217391304,5.434782609,2.130434783,3.760869565,1.195652174,1.673913043,3.173913043,12.36956522,8.086956522
6505,Tributyl-2-Acetylcitrate ,29.2,45.22222222,4.377777778,5.777777778,0.755555556,2.133333333,4.155555556,5.066666667,4.111111111,8.955555556,3.133333333,3.466666667,4.244444444,8.711111111,4.844444444,3.533333333,1.088888889,3.8,0.533333333,2.244444444,8.755555556
6549,Linalool ,50.12658228,70.11392405,2.607594937,27.5443038,13.50632911,0.544303797,1.797468354,5.101265823,7.088607595,3.556962025,1.683544304,1.658227848,7.974683544,3.101265823,0.607594937,2.240506329,0.784810127,2.050632911,6.126582278,20.97468354,8.848101266
6560,2-Methyl-1-propanol ,35.86206897,39.17241379,3.224137931,8.086206897,2.293103448,0,1.413793103,3.620689655,5.913793103,6.913793103,2.224137931,7.25862069,3.25862069,10.39655172,7.965517241,2.413793103,0.879310345,2.086206897,1.034482759,1.793103448,15.72413793
6569,2-Butanone ,26.39655172,45.56896552,2.413793103,8.706896552,0.896551724,0.879310345,4.810344828,5.517241379,6.724137931,10.86206897,5,6.931034483,2.689655172,7.344827586,4.603448276,2.724137931,2.448275862,3.293103448,3.172413793,3.965517241,15.48275862
6584,Methyl acetate ,53.69230769,29.03076923,1.784615385,1.953846154,0.276923077,0.323076923,5.323076923,7,2.8,16.86153846,1.169230769,10.10769231,3.692307692,9.661538462,9.707692308,6.461538462,5.830769231,4.046153846,3.030769231,0.984615385,22.27692308
6590,Isobutyric acid ,45.31147541,33.44262295,1.442622951,9.032786885,4.081967213,1.62295082,3.262295082,5.37704918,1.491803279,15.19672131,2.524590164,3.180327869,6.950819672,12.31147541,8.393442623,5.573770492,9.131147541,1.950819672,1.163934426,6.081967213,7.131147541
6658,Methyl methacrylate ,39,42.89230769,0.369230769,5.553846154,3.584615385,2.430769231,6.292307692,7.446153846,6.092307692,8.2,6.415384615,8,6.061538462,8.769230769,5.815384615,4.830769231,1.338461538,6.092307692,3.861538462,6,17.84615385
6753,Omega-6-hexadecenlactone ,24.87179487,53.23076923,3.769230769,12.12820513,0.897435897,0,2.564102564,2.230769231,2.051282051,10.43589744,0.769230769,3.538461538,4.358974359,12.35897436,2.666666667,1.435897436,0.307692308,2.205128205,0.666666667,5.076923077,6.794871795
6920,2-Acetylthiophene ,38.04761905,49.57142857,7.047619048,13.49206349,2.444444444,1.301587302,2.444444444,5.285714286,2.793650794,6.857142857,4.777777778,3.904761905,4.238095238,8.841269841,2.603174603,2.396825397,1.333333333,6.158730159,2.904761905,3.222222222,12.22222222
6943,2-Isopropylphenol ,65.14634146,35.41463415,0.085365854,4.280487805,1.268292683,1.719512195,1.5,9.109756098,6.414634146,6.5,10.03658537,12.3902439,1.902439024,4.87804878,2.37804878,9.341463415,2.5,2.902439024,2.207317073,2.914634146,43.64634146
6997,2-Ethylphenol ,76.26315789,32.04210526,1.031578947,6.494736842,2.126315789,0.010526316,0.642105263,5,7.378947368,4.168421053,11.8,11.75789474,8.315789474,8.305263158,1,9.621052632,2.431578947,3.610526316,0.926315789,4.357894737,45.88421053
6998,Salicylaldehyde ,66.75280899,33.98876404,0.831460674,5.157303371,2.078651685,0.606741573,2.02247191,3.640449438,6.303370787,5.876404494,12.05617978,12.16853933,6.876404494,6.134831461,2.741573034,9.168539326,2.449438202,3.471910112,0.97752809,1.674157303,33.59550562
7059,6-Methyl quinoline ,60.94252874,47.33333333,1.988505747,14.40229885,4.344827586,0,2.08045977,5.517241379,3.83908046,6.034482759,2.816091954,7.862068966,5.551724138,7.103448276,2.379310345,6.229885057,0.609195402,1.988505747,1.459770115,12.51724138,19.43678161
7095,Biphenyl ,59.35365854,40.1097561,3.097560976,5.829268293,2.292682927,0.487804878,2.963414634,8.890243902,7.426829268,7.365853659,9.170731707,10.7804878,3.902439024,6.134146341,1.585365854,6.024390244,1.975609756,4.317073171,2.817073171,5.719512195,27.51219512
7119,Nerolin Yara Yara ,77.35416667,59.9375,1.958333333,29.90625,10.55208333,0.083333333,0.09375,4.802083333,5.260416667,2.4375,0.802083333,5.895833333,12.125,2.71875,0.354166667,8.020833333,1.270833333,0.958333333,3.3125,21.28125,27.5
7122,Methyl beta-naphthyl ketone ,71.46315789,55.65263158,2.736842105,23.44210526,10.04210526,0.273684211,0.505263158,6.063157895,8.431578947,3.389473684,2.568421053,4.505263158,7.147368421,1.894736842,0.884210526,5.989473684,1.631578947,0.578947368,2.757894737,15.63157895,25.18947368
7127,"4-Allyl-1,2-dimethoxy benzene ",31.07017544,54.29824561,2.842105263,17.15789474,2.140350877,2.035087719,3.210526316,12.98245614,3.894736842,5.49122807,2.736842105,2,6.01754386,4.754385965,0.842105263,1.140350877,2.842105263,4.403508772,3.438596491,8.561403509,6.789473684
7136,Eugenyl acetate ,40.72222222,61.84722222,13.125,26.94444444,4.569444444,0.652777778,1.930555556,21.88888889,1.569444444,3.875,4.125,4.111111111,7.319444444,1.652777778,0.861111111,0.430555556,0.777777778,3.513888889,3.138888889,6.125,10.02777778
7144,2-Methoxy-4-methylphenol ,51.2027972,41.27272727,2.097902098,6.020979021,1.951048951,6.216783217,4,6.321678322,5.041958042,4.356643357,13.98601399,5.097902098,7.937062937,10.79020979,1.545454545,2.916083916,2.482517483,9.090909091,3.034965035,2.51048951,14.03496503
7147,1-Phenyl-1-propanol ,31.80851064,53.14893617,1.085106383,8.063829787,4.744680851,1.893617021,1.957446809,4.106382979,11.78723404,4.744680851,4.531914894,3.957446809,2.638297872,4.021276596,0.553191489,1.191489362,1.276595745,1.936170213,1.70212766,4.106382979,25.72340426
7150,Methyl benzoate ,25.08888889,45.93333333,4.666666667,11.17777778,4.311111111,2.711111111,3.022222222,4.733333333,5.088888889,5.688888889,3.933333333,4.266666667,6.088888889,4.044444444,1.555555556,0.622222222,4.511111111,4.533333333,4.955555556,6.6,7.377777778
7151,Methyl nicotinate ,70.10344828,39.68965517,1.942528736,8.333333333,2.413793103,1.229885057,2.068965517,5.172413793,5.597701149,7.448275862,10.36781609,11.35632184,4.057471264,10.65517241,3.252873563,9.551724138,3.83908046,5.08045977,1.781609195,3.75862069,26.97701149
7165,Ethyl benzoate ,55.13043478,58.57971014,1.768115942,24.20289855,12.34782609,0.014492754,0.608695652,4.15942029,9,5.782608696,1.188405797,7.956521739,4.434782609,5.666666667,2.260869565,2.68115942,1.449275362,1.52173913,2.985507246,11.15942029,21.76811594
7194,Phenethyl benzoate ,30.38181818,52.96363636,0.181818182,9.872727273,1.018181818,0,0.545454545,3.236363636,3.2,5.181818182,0.909090909,3.363636364,2.454545455,5.618181818,0.8,2.963636364,0.181818182,1.490909091,3.709090909,20.12727273,9.618181818
7288,3-Pentanone ,47.41428571,44.72857143,1.514285714,5.4,1.071428571,0.771428571,1.242857143,5.1,2.485714286,7.285714286,2.285714286,8.685714286,3.528571429,6.528571429,0.842857143,7.028571429,0.957142857,3.114285714,3.585714286,5.314285714,29.91428571
7335,Carvyl acetate ,59.46341463,36.02439024,1.609756098,4.268292683,1.073170732,3.93902439,6.414634146,6.743902439,3.780487805,13.34146341,4.304878049,7.829268293,4.024390244,9.012195122,3.207317073,4.634146341,2.87804878,4.487804878,5.207317073,3.756097561,16.2804878
7341,2-Methylpentanoic acid ,33.15686275,45.76470588,3.235294118,9.62745098,5.156862745,1.960784314,3.196078431,2.490196078,2.098039216,13.45098039,4.68627451,4.901960784,4.803921569,14.84313725,9.411764706,1.549019608,1.705882353,5.588235294,2.784313725,8.882352941,9.960784314
7360,Tetrahydrofurfuryl alcohol ,27.21276596,41.70212766,3.489361702,9.617021277,0.425531915,0.617021277,3.510638298,3.872340426,3.872340426,5.489361702,2.340425532,6.276595745,3.765957447,4.808510638,4.680851064,4.255319149,4.085106383,3.063829787,3.191489362,4,13.4893617
7361,Furfuryl alcohol ,43.73239437,41.32394366,2.577464789,11.38028169,2.225352113,2.61971831,2.85915493,7.61971831,1.253521127,9.225352113,7.718309859,3.084507042,5.408450704,11.61971831,4.211267606,3.704225352,5.084507042,4.816901408,3.478873239,3.464788732,12.57746479
7410,Acetophenone ,66.54761905,51.71428571,2.154761905,17.8452381,6.583333333,0.547619048,1.773809524,5.952380952,6.642857143,5.202380952,3.511904762,8.392857143,5.357142857,6.345238095,0.833333333,6.047619048,1.345238095,2.238095238,5.261904762,12.26190476,24.10714286
7463,Para-cymene ,76.55319149,42.20212766,0.446808511,6.861702128,3.382978723,0.095744681,3.010638298,14.24468085,9.042553191,6.925531915,7.042553191,16.32978723,4.755319149,6.904255319,2.14893617,11.78723404,1.212765957,4.553191489,1.946808511,2.978723404,40.78723404
7500,Ethylbenzene ,60.01408451,41.57746479,1.126760563,6.422535211,1.957746479,0.014084507,0.183098592,5.591549296,7.394366197,5.281690141,4.816901408,8.014084507,4.492957746,4.338028169,1.253521127,8.830985915,4.732394366,3.422535211,1.042253521,2.591549296,40.43661972
7519,Anisole ,59.82432432,36.55405405,1.22972973,4.027027027,0.716216216,1.5,2.918918919,3.891891892,4.216216216,6.540540541,6.824324324,10.83783784,7.27027027,8.418918919,2.337837838,9.959459459,3.527027027,6.108108108,2.202702703,3.405405405,32.5
7583,Diphenyl ether ,47.85074627,49.68656716,2.940298507,6.940298507,1.925373134,0.343283582,2.76119403,7.746268657,5.850746269,4.119402985,2.23880597,8.626865672,3.089552239,2.805970149,1.776119403,4.253731343,1.358208955,4.970149254,2.850746269,4.671641791,17.88059701
7593,"1,3-Diphenyl-2-propanone ",60.85714286,36.36904762,2.69047619,8.380952381,0.595238095,0.511904762,2.654761905,4.952380952,3.071428571,7.476190476,6.916666667,5.25,8.011904762,16.85714286,9.55952381,12.17857143,6.892857143,2.511904762,1.261904762,5.595238095,14.35714286
7635,2-Ethylhexyl acetate ,39.44444444,45.06349206,1.507936508,10.65079365,1.80952381,0.936507937,1.317460317,4.936507937,1.952380952,5.476190476,5.984126984,5.047619048,6.301587302,7.015873016,1.80952381,2.079365079,0.952380952,4.698412698,2.523809524,4.793650794,17.0952381
7654,Phenethyl acetate ,52.78481013,54.7721519,0.316455696,18.37974684,2.721518987,0.050632911,1.544303797,4.215189873,5.303797468,6.240506329,3.291139241,4.746835443,3.46835443,3.810126582,2.012658228,2.734177215,1.835443038,0.569620253,3.430379747,23.37974684,14.37974684
7695,Anisyl acetate ,48.37662338,62.31168831,5.818181818,26.97402597,9.454545455,0.12987013,0.87012987,4.779220779,3.636363636,8.298701299,2.220779221,3.922077922,5.909090909,8.038961039,1.038961039,2.753246753,4.87012987,1.480519481,1.792207792,13.35064935,11.1038961
7720,2-Ethyl-1-hexanol ,67.57954545,22.26136364,1.477272727,5.204545455,1.136363636,1.829545455,5.875,3.204545455,4.215909091,18.53409091,8.340909091,7.261363636,3.340909091,22.10227273,13.36363636,6.409090909,12.59090909,0.363636364,2.534090909,0.863636364,14.04545455
7731,4-Methylanisole ,59.32954545,51.375,3.181818182,16.23863636,6.75,0.704545455,1.272727273,7.431818182,6.147727273,7.727272727,3.613636364,5.125,4.602272727,6.329545455,2.681818182,5.125,2.920454545,3.397727273,4.511363636,14.375,10.86363636
7749,Ethyl propionate ,68.47619048,35.16666667,2.904761905,14.6547619,7.464285714,2.011904762,3.047619048,3.547619048,4.880952381,7.55952381,5.511904762,6.75,4.916666667,9.44047619,4.845238095,8.904761905,7.952380952,0.857142857,2.071428571,5.452380952,23.46428571
7761,Diethyl malonate ,45.12359551,66.69662921,9.168539326,41.33707865,27.26966292,0.146067416,0.393258427,3.426966292,3.95505618,3.370786517,1.04494382,2.370786517,6.258426966,1.719101124,0.719101124,0.157303371,1.808988764,0.764044944,2.06741573,10.51685393,5.853932584
7762,Ethyl butyrate ,66.58888889,59.48888889,8.9,45.13333333,28.96666667,0.444444444,1.555555556,3.944444444,3.622222222,8.733333333,2.222222222,2.333333333,6.466666667,2.3,2.422222222,2.011111111,4.944444444,1.188888889,2.422222222,9.611111111,11.22222222
7765,Acetal ,45.88235294,45.01470588,2.529411765,10.48529412,3.352941176,0.5,0.955882353,3.970588235,6.852941176,4.147058824,3.926470588,7.720588235,5.279411765,4.955882353,0.867647059,4.367647059,0.573529412,2.5,2.823529412,4.323529412,29.10294118
7768,Epsilon-Caprolactam ,32.46666667,44.71666667,0.483333333,4.433333333,0.283333333,1.633333333,2.366666667,4.966666667,7.2,7.983333333,2.65,6.183333333,4.3,9.416666667,4.566666667,5.3,6.383333333,7.416666667,3.683333333,4.75,16.71666667
7795,Isoamyl butyrate ,50.14492754,48.97101449,4.463768116,22.88405797,12.26086957,1.014492754,1.985507246,5.68115942,3.84057971,7.231884058,2.666666667,2.608695652,3.101449275,5.652173913,1.797101449,2.202898551,4.289855072,2.217391304,4.710144928,6.565217391,9.855072464
7799,Ethyl octanoate ,51.0625,66.7,2.025,35.125,22.525,1.05,1.425,3.475,3.2125,2.2125,0.7625,1.2375,6.4625,1.4375,0.2875,0.0625,0.9375,1.55,3.6,10.4125,7.025
7803,Propyl propionate ,58.24242424,46.51515152,0.651515152,16.54545455,3.378787879,0.348484848,1.075757576,4.272727273,9.651515152,2.939393939,2.393939394,10.45454545,4.96969697,4.515151515,2.181818182,3.560606061,2.424242424,3.590909091,3.318181818,6.924242424,30.63636364
7824,Methyl caproate ,54.3974359,55.71794872,1.846153846,28.85897436,15.26923077,0.5,1.025641026,5.628205128,2.833333333,12.88461538,1.205128205,5.769230769,4.91025641,3.833333333,2.153846154,3.807692308,2.807692308,0.692307692,3.769230769,7.871794872,13.02564103
7894,Isoamylamine ,30.58823529,41,2.352941176,2.705882353,0.784313725,2.529411765,4.352941176,3.529411765,2.843137255,7.666666667,2.294117647,7.176470588,3.392156863,10.74509804,6.019607843,4.31372549,2.352941176,0.843137255,1.843137255,3.745098039,16.68627451
7915,Isopropyl acetate ,31.35,45.89,2.38,8.76,1.87,0.56,2.39,5.74,4.73,6.12,2.8,6.37,4.58,6.16,1.54,3.61,1.63,1.94,6.2,6.14,20.14
7916,Isopropenyl acetate ,24.84444444,47.02222222,2.844444444,10.24444444,4.488888889,1.733333333,4.888888889,6.511111111,5.622222222,11.08888889,2.4,1.444444444,3.377777778,7.733333333,1.711111111,1.2,5,2.2,4.377777778,2.133333333,8.2
7921,Gamma-valerolactone ,23.7,50.3,10.62,13.1,1.24,1.16,2.66,6,3.5,5.2,0.02,3.2,7.28,8.56,2.96,4.56,3.04,0.64,2.52,1.84,9.08
7937,"2,6-Dimethylpyridine ",66.59340659,32.16483516,2.912087912,6.241758242,0.692307692,3.131868132,1.824175824,4.648351648,3.956043956,10.25274725,8.32967033,11.76923077,5.208791209,7.692307692,3.010989011,9.494505495,6.879120879,5.78021978,2.164835165,1.373626374,29.2967033
7967,Cyclohexanone ,53.02142857,44.73571429,0.871428571,8.835714286,2.057142857,0.528571429,1.671428571,3.6,8.992857143,4.657142857,3.95,13.33571429,3.457142857,3.8,2.178571429,8.878571429,2.478571429,1.892857143,0.8,4.285714286,34.96428571
7969,Benzenethiol ,44.57692308,30.48076923,3.076923077,2.134615385,0.826923077,5.884615385,9.923076923,10.80769231,1.25,9.019230769,6.942307692,2.634615385,10.69230769,11.57692308,5.211538462,5.288461538,5.961538462,0.826923077,1.673076923,2.326923077,10.25
7983,Butyl butyrate ,44.55555556,41.04938272,1.87654321,18.01234568,11.13580247,1.543209877,3.37037037,2.50617284,3.740740741,10.74074074,2.209876543,2.407407407,4.419753086,11.79012346,4.913580247,3.580246914,7.938271605,2.320987654,4.925925926,7.567901235,10.56790123
7991,Valeric acid ,42.55172414,28.94827586,1.896551724,6.568965517,1.689655172,3.396551724,3.862068966,2.948275862,3.75862069,16.05172414,2.775862069,3.810344828,4.103448276,17.51724138,11.25862069,4.189655172,11.43103448,3.293103448,3.103448276,1.310344828,11.5862069
7997,Propyl acetate ,35.76190476,45.23809524,0.888888889,5.301587302,1.238095238,0.26984127,0.301587302,4.238095238,2.444444444,7.253968254,0.73015873,8.063492063,2.174603175,6.825396825,1.857142857,7.746031746,1.825396825,2.317460317,3.126984127,8.26984127,20.57142857
8007,Butylamine ,18.14285714,47.95918367,3.224489796,9.836734694,2.734693878,0.591836735,3.428571429,7.959183673,3.816326531,1.918367347,0.510204082,4.795918367,1.959183673,10,4.12244898,4.469387755,0.448979592,8.693877551,4.591836735,5.06122449,9.06122449
8030,Thiophene ,44.41129032,34.50806452,2.725806452,3.169354839,0.846774194,5.629032258,16.4516129,9.991935484,1.629032258,10.46774194,5.016129032,3.032258065,5.435483871,11.08064516,6.25,4.008064516,7.798387097,4.580645161,3.370967742,2.717741935,4.64516129
8042,Isopropyl myristate ,21.97916667,48.8125,1.6875,10.02083333,1.291666667,0,2.5625,4.395833333,5.604166667,4.520833333,5,4.020833333,7.8125,4.625,4.895833333,2.083333333,2.6875,4.791666667,3.541666667,5.6875,15.08333333
8063,Valeraldehyde ,33.92592593,45.68518519,3,12.24074074,0.666666667,2.222222222,5.685185185,11.66666667,0.5,15.24074074,1.722222222,2.388888889,4.962962963,13.48148148,6.148148148,3.351851852,4.537037037,0.944444444,3.296296296,8.111111111,7.462962963
8077,Diethyl disulfide ,72.61702128,24.69148936,1.808510638,1.053191489,0.361702128,11.73404255,31.92553191,13.06382979,1.106382979,10.74468085,4.265957447,4.712765957,6.585106383,14.12765957,6.031914894,6.659574468,14.94680851,1.617021277,0.180851064,0.595744681,10.15957447
8082,Piperidine ,56.4875,27.5875,1.5875,5.825,1.15,10.8125,2.525,1.875,5.5625,10.0125,3.925,6.2,4.1,13.3375,8.85,11.2125,13.0125,2.4,3.8125,4.675,14.0875
8091,Methyl caprylate ,43.37662338,62.24675325,3.246753247,26.87012987,15.74025974,0.961038961,1.207792208,4.428571429,2.337662338,5.883116883,2.662337662,2.74025974,9.051948052,4.779220779,2.883116883,1.415584416,0.324675325,3.181818182,3.571428571,11.42857143,10.80519481
8093,2-Octanone ,49.78378378,52.22972973,0.851351351,19.58108108,9.513513514,0.743243243,3.216216216,5.364864865,3.175675676,8.148648649,2.77027027,2.77027027,5.72972973,4.121621622,1.567567568,2.878378378,2.702702703,5.148648649,0.824324324,3.337837838,12.7027027
8103,Hexanol ,48.15625,56.5,3.078125,12.375,3.125,0.5,1.984375,5.703125,4.34375,6.484375,5.359375,2.296875,2.25,9.3125,2.125,6.1875,4.953125,5.015625,11.609375,8.90625,10.34375
8118,Propyl sulfide ,22.71428571,42.30952381,0.523809524,4.523809524,1.261904762,4.142857143,3.928571429,0.571428571,3.928571429,6.595238095,3.833333333,5.071428571,3.738095238,10.45238095,5.833333333,4.69047619,8.619047619,6.333333333,3.880952381,6.619047619,12.97619048
8122,Ethyl stearate ,36.80701754,45.31578947,5,9.210526316,0.438596491,1.438596491,3.157894737,3,0.280701754,7.947368421,11,2.333333333,11.50877193,5.98245614,1.280701754,1.912280702,3.210526316,4.649122807,2.561403509,0.245614035,8.877192982
8125,1-Octene ,36,43.36923077,3.2,5.476923077,3.061538462,1.630769231,4.584615385,5.384615385,6.430769231,11.8,5.415384615,5.907692308,2.353846154,9.815384615,5.138461538,4.938461538,4.923076923,3.661538462,3.430769231,3.276923077,14.07692308
8129,Heptanol ,52.78289474,53.30921053,0.960526316,16.67105263,8.375,0.289473684,1.236842105,3.046052632,6.230263158,5.486842105,3.217105263,7.243421053,5.598684211,3.815789474,2.072368421,6.894736842,2.690789474,2.131578947,6.532894737,10.25657895,21.98026316
8174,Decanol ,52.21126761,42.45070423,0.028169014,9.816901408,1.661971831,0.887323944,2.169014085,3.985915493,7.028169014,6.521126761,1.23943662,10,2.23943662,6.084507042,1.802816901,11.73239437,2.098591549,2.690140845,2.957746479,6.338028169,28.84507042
8184,1-Undecanol ,58.96629213,41.60674157,0.337078652,8.269662921,3.516853933,0.056179775,1,2.550561798,6.943820225,3.438202247,1.606741573,9.808988764,3.820224719,5.382022472,5.078651685,8.966292135,4.528089888,1.056179775,5.943820225,6.04494382,29.95505618
8186,Undecanal ,55.98305085,40.6779661,0.93220339,6.016949153,4.491525424,0.152542373,2.762711864,3.254237288,6.372881356,7.779661017,4.711864407,7.06779661,5.694915254,4.745762712,6.457627119,6.610169492,3.779661017,4.271186441,3.711864407,7.661016949,22.71186441
8193,Lauryl alcohol ,52.4,38.36666667,0.366666667,7.016666667,3.666666667,2.033333333,2.733333333,4.433333333,6.1,4.516666667,5.283333333,9.333333333,5.433333333,6.85,3.966666667,10.38333333,1.85,6.1,5.333333333,5.866666667,22.55
8363,Benzyl salicylate ,39.47619048,55.88888889,1.936507937,12.85714286,0.936507937,0.587301587,2.603174603,6.444444444,3.634920635,9.079365079,2.063492063,3.507936508,3.920634921,7.412698413,3.19047619,5.920634921,2.095238095,3.142857143,6.19047619,13.74603175,13.15873016
8375,2-Hydroxyacetophenone ,65.87096774,34.21505376,0.602150538,6.612903226,1.139784946,0.731182796,1.860215054,5.182795699,5.76344086,6.096774194,5.580645161,9.602150538,5.946236559,7.408602151,4.677419355,7.365591398,2.290322581,1.322580645,1.731182796,3.64516129,33.01075269
8456,Butylated hydroxyanisole ,53.98507463,40.46268657,1.014925373,2.805970149,0.044776119,0.014925373,3.537313433,8.223880597,3.76119403,3.970149254,12.13432836,5.298507463,3.805970149,7.104477612,1.925373134,5.895522388,0.76119403,7.223880597,2.044776119,3.268656716,21.55223881
8635,Methyl anthranilate ,67.93406593,64.32967033,1.164835165,37.50549451,19.34065934,0.043956044,0.021978022,3.076923077,4.923076923,5.472527473,2.494505495,1.263736264,4.274725275,3.692307692,0.681318681,1.637362637,0.461538462,1.868131868,2.021978022,18.15384615,10.6043956
8658,o-Anisaldehyde ,58.12195122,38.17073171,2.079268293,8.048780488,1.597560976,2.451219512,2.676829268,5.347560976,4.853658537,8.713414634,7.518292683,6.695121951,5.664634146,10.54268293,3.097560976,6.414634146,6.5,2.920731707,1.835365854,4.81097561,20.81707317
8697,2-Ethylhexanoic acid ,62.4137931,33.86206897,2.793103448,3.298850575,0.885057471,0.988505747,4.643678161,7.816091954,3.91954023,11.4137931,6.494252874,9.908045977,5.597701149,13.33333333,6.333333333,6,6.16091954,5.804597701,1.32183908,1.620689655,24.62068966
8712,o-Toluenethiol ,59.76811594,31.88405797,6.115942029,2.130434783,0.434782609,2.579710145,5.434782609,6.710144928,1.202898551,12.52173913,11.37681159,2.985507246,5.362318841,13.91304348,4.405797101,8.188405797,9.536231884,4.913043478,2.304347826,1.550724638,10.69565217
8723,2-Methyl-1-butanol ,54.29787234,38.26241135,2.092198582,6.765957447,2.212765957,0.014184397,1.170212766,3.822695035,5.879432624,7.687943262,3.680851064,8.90070922,6.156028369,6.120567376,5.007092199,9.014184397,4.191489362,2.872340426,2.595744681,3.957446809,27.08510638
8785,Benzyl acetate ,53.75862069,58.48275862,2.816091954,22.68965517,14.93103448,0.022988506,0.712643678,3.988505747,7.356321839,2.517241379,0.75862069,5.448275862,3.356321839,2.229885057,1.137931034,4.563218391,2.413793103,0.275862069,1.298850575,9.034482759,25.40229885
8797,p-Tolyl acetate ,66.71578947,39.50526316,1.757894737,13.55789474,3.263157895,2.147368421,1.831578947,10.09473684,5.705263158,4.4,7.294736842,8.073684211,4.673684211,11.92631579,2.578947368,9.378947368,7.368421053,5.663157895,3.357894737,4.410526316,15.10526316
8857,Ethyl acetate ,31.90909091,45.10909091,3.490909091,6.545454545,0.436363636,1.763636364,5.109090909,1.963636364,1.345454545,4.581818182,5.545454545,4.927272727,2.163636364,9.109090909,4.018181818,3.090909091,2.818181818,2.836363636,6.181818182,7.672727273,6.254545455
8892,Caproic acid ,76.02105263,17.09473684,0.610526316,1.315789474,0.010526316,3.305263158,4,2.589473684,4.368421053,23.86315789,4.557894737,10.12631579,5.473684211,22.70526316,18.52631579,21.06315789,14.67368421,1.968421053,0.578947368,0.536842105,16.15789474
8908,Hexyl acetate ,47.77192982,63,3.298245614,37.10526316,25.07017544,0.122807018,0.298245614,5.649122807,8.947368421,5.245614035,1.385964912,2.859649123,6.157894737,4.035087719,0.98245614,1.49122807,5.140350877,0.526315789,6.315789474,9.438596491,11.50877193
8914,Nonanol ,52.37662338,37.88311688,0.012987013,6.805194805,4.324675325,0.571428571,1.506493506,3.922077922,7.298701299,7.636363636,4.935064935,8.675324675,4.61038961,6.948051948,3.857142857,6.272727273,4.688311688,2.181818182,3.779220779,8.480519481,26.27272727
8918,Nonyl acetate ,60.25609756,38.67073171,0.304878049,8.182926829,4.012195122,0.012195122,0.951219512,3.634146341,5.865853659,9.780487805,3.37804878,7.926829268,2.585365854,6.658536585,3.585365854,7.207317073,5.56097561,3.548780488,5.292682927,4.707317073,22.81707317
9016,Dimethoxy benzene ,22.19512195,50.63414634,1.902439024,12.19512195,2.170731707,2.707317073,4.975609756,2.512195122,5.390243902,6.902439024,5.390243902,4.682926829,3.609756098,7.902439024,5.829268293,5.12195122,2.975609756,3.512195122,5.219512195,5.12195122,10.58536585
9025,"1,3-Dimethoxybenzene ",54.2125,48.6375,2.9375,18.0375,5.1625,1.525,2.95,10.0625,6.2125,4.825,7.525,6.85,6.0125,7.9375,1.425,4.5,1.9375,3.1625,1.6625,5.975,16.3
9256,Thiazole ,22.54,45.54,4.08,8.24,0.48,1.66,5.1,8.48,5.26,7.56,5.74,2.22,2.62,7.68,4.7,3.1,3.92,3.96,3.74,6.04,9.06
9261,Pyrazine ,31.48275862,40.27586207,0.586206897,6.413793103,0.155172414,0.206896552,5.24137931,5.672413793,3.396551724,5.862068966,6.172413793,3.879310345,3.586206897,7.551724138,5.482758621,6.586206897,6.827586207,2.620689655,2.448275862,3.844827586,13.44827586
9589,3-Acetylpyridine ,58.73972603,37.19178082,4.698630137,9.178082192,1.643835616,0.219178082,2.068493151,3.589041096,2.506849315,4.068493151,13.20547945,2.232876712,6.602739726,9.589041096,3.671232877,6.561643836,9.301369863,8.109589041,3.04109589,4.397260274,8.342465753
9609,Diethyl sulfide ,49.17460317,30.77777778,0.825396825,8.492063492,0.111111111,2.968253968,7.746031746,7.333333333,3.253968254,14.34920635,3.80952381,5.333333333,5.031746032,7.698412698,2.73015873,5.587301587,9.206349206,4.047619048,5.492063492,2.158730159,7.047619048
9862,6-Methyl-5-hepten-2-one ,52.91139241,48.96202532,1.632911392,18.32911392,9.670886076,0.949367089,2.291139241,5.139240506,4.253164557,9.670886076,1.835443038,8.46835443,6.949367089,2.455696203,2.708860759,4.291139241,3.278481013,2.860759494,4.17721519,6.392405063,20.6835443
10285,4-Methylquinoline ,33.58333333,43.5,0.541666667,4.458333333,0.5625,0.833333333,1.145833333,3.083333333,3.604166667,7.0625,5.625,4.041666667,3.854166667,11.9375,1.770833333,1.020833333,3.1875,5.916666667,3.5625,2.5,10.72916667
10364,Carvacrol ,64.45454545,50.73863636,4.784090909,2.875,0.159090909,0.125,2.840909091,25.18181818,3.340909091,2.25,8.034090909,5.602272727,8.090909091,5.590909091,0.647727273,3.261363636,2.647727273,13.40909091,3.988636364,3.045454545,16.30681818
10400,Cycloheptanone ,54.76119403,43.85074627,1.597014925,10.31343284,4.567164179,1.641791045,1.611940299,3.76119403,11.62686567,3.059701493,4.134328358,10.1641791,2.731343284,2.925373134,0.626865672,8.432835821,4.029850746,2.507462687,3.179104478,3.52238806,32.41791045
10430,Isovaleric acid ,72.13636364,16.27272727,0.738636364,1.454545455,0.102272727,3.295454545,4.113636364,2.125,3.318181818,28.76136364,2.613636364,4.181818182,7.659090909,30.67045455,27.86363636,6.284090909,17.09090909,1.125,0.943181818,0.715909091,8.556818182
10448,3-(Methylthio)-1-propanol ,74.60869565,24.54347826,3.010869565,0.163043478,0.97826087,9.673913043,20.9673913,16.47826087,1.369565217,15.75,7.152173913,6,8.336956522,11.38043478,6.239130435,8.826086957,15.19565217,0.652173913,0.891304348,0.119565217,9.608695652
10748,7-Methoxycoumarin ,53.22580645,59.35483871,7.612903226,25.41935484,5.795698925,0.817204301,1.172043011,3.322580645,2.903225806,4.559139785,2.182795699,3.150537634,7.559139785,6.559139785,0.870967742,2.215053763,2.064516129,0.860215054,3.043010753,18.95698925,12.59139785
10797,2-Methylfuran ,27.25925926,44.59259259,5.12962963,7.722222222,0.314814815,2.777777778,5.037037037,4,3.037037037,6.907407407,5.981481481,1.111111111,3.425925926,6.277777778,5.148148148,1.555555556,4.12962963,3.685185185,3.518518519,1.222222222,8.018518519
10882,Ethyl valerate ,64.81914894,73.29787234,5.585106383,50.61702128,37.23404255,0.021276596,0.021276596,2.276595745,3.765957447,5.64893617,0.382978723,3.010638298,4.393617021,0.723404255,0.021276596,0.510638298,1.053191489,0.553191489,0.989361702,13.13829787,6.723404255
10890,Amyl butyrate ,50.26666667,54.23333333,4.1,32.2,18.36666667,0.5,2.766666667,6.25,5.116666667,11.83333333,0.566666667,2.116666667,2.816666667,5.4,4.7,3.633333333,4.1,1.25,2.3,5.3,10.95
10895,Isobutyl propionate ,46.16216216,53.13513514,4.5,19.90540541,7.513513514,2.581081081,3.418918919,4.486486486,2.094594595,4.054054054,1.743243243,5.148648649,3.594594595,9.702702703,2.054054054,2.135135135,1.364864865,2.513513514,5.081081081,6.040540541,13.59459459
10925,3-Methyl-1-butanethiol ,73.69318182,21.59090909,1.988636364,1.386363636,1.045454545,5.75,8.965909091,6.670454545,0.920454545,12.78409091,20.44318182,7.545454545,6.375,13.52272727,5.011363636,6.488636364,11.45454545,3.068181818,2.965909091,0.113636364,15.75
11086,2-Aminoacetophenone ,70.59782609,58.59782609,3.010869565,28.63043478,11.32608696,0.119565217,0.934782609,6.804347826,3.891304348,2.956521739,3.467391304,4.717391304,6.934782609,7.934782609,1.369565217,2.27173913,2,3.086956522,2.380434783,15.61956522,18.43478261
11428,3-Pentanol ,62.89189189,34.27027027,1.175675676,5.459459459,1.72972973,12.27027027,3.445945946,2.702702703,4.148648649,9.648648649,2.972972973,12.7027027,3.810810811,9.378378378,5.337837838,12.40540541,3.540540541,0.959459459,2.256756757,4.486486486,25.64864865
11525,4-Methylcyclohexanone ,49.1,49.3125,3.175,18.975,10.4375,0.25,0.4375,3.9125,3.6625,5.975,4.5375,7.1375,5.9,4.8375,3.1875,7.2,2.3,2.525,1.8875,8.0375,14.6375
11527,3-Octanol ,57.53947368,42.34210526,2.355263158,10.72368421,4.723684211,0.013157895,2.394736842,8.618421053,5.184210526,9.578947368,3.131578947,8.828947368,3.710526316,6.710526316,0.921052632,7.486842105,5.5,2.736842105,4.486842105,3.960526316,23.47368421
11529,Butyl propionate ,46.05555556,51.18055556,4.055555556,22.22222222,10.54166667,2.111111111,2.083333333,4.236111111,3.194444444,6.597222222,1.763888889,4.097222222,4.125,4.236111111,3.861111111,2.444444444,2.277777778,0.347222222,3.736111111,7.986111111,15.36111111
11569,m-Anisaldehyde ,40.06349206,54.17460317,8,22.73015873,4.80952381,2.126984127,2.603174603,7.666666667,4.285714286,5,4.380952381,4.174603175,5.634920635,10.03174603,2.174603175,2.333333333,2.666666667,5.19047619,3.888888889,9.825396825,14.50793651
11583,2-Hexanone ,56.84931507,43.06849315,2.287671233,12.42465753,3.671232877,0.246575342,1.684931507,3.493150685,2.054794521,6.547945205,3.849315068,11.35616438,6.301369863,4.01369863,2.520547945,6.671232877,1.95890411,2.753424658,0.493150685,4.98630137,33.02739726
11614,Butyl formate ,37.38709677,45.12903226,3.693548387,12.93548387,5.048387097,2.177419355,3.532258065,2.693548387,2.435483871,6.451612903,3.467741935,6.161290323,7.435483871,5.096774194,1.370967742,4.35483871,5.112903226,1.709677419,2,4.387096774,23.17741935
11617,Allyl sulfide ,37.76470588,39.23529412,4.019607843,4.137254902,0,1.901960784,17.01960784,9.411764706,3.254901961,8.176470588,5.31372549,4.607843137,4.176470588,4.62745098,4.37254902,4.450980392,0.921568627,1.470588235,2.588235294,0.392156863,11.35294118
11902,Methyl 2-furoate ,51.76811594,41.13043478,1.405797101,5.898550725,2.405797101,1.884057971,2.695652174,8.47826087,1.52173913,13.1884058,6.086956522,6.724637681,4.101449275,13.56521739,3.768115942,4.405797101,8.072463768,3.072463768,3.652173913,3.130434783,12.7826087
11980,Ethyl 2-furoate ,66.1011236,38.49438202,1.404494382,9.921348315,4.101123596,1.08988764,2.505617978,4.224719101,5.179775281,9.134831461,3.573033708,18.61797753,6.483146067,7.078651685,2.887640449,11.03370787,1.269662921,0.707865169,2.629213483,5.382022472,35.65168539
12097,5-Methylfurfural ,42.59677419,54.53225806,8.129032258,16.43548387,12.38709677,0.096774194,0.935483871,5.532258065,6.758064516,5.758064516,3.064516129,3.258064516,5.903225806,7.693548387,2.35483871,3.209677419,1.741935484,2.838709677,1.806451613,6.919354839,9.870967742
12178,3-Hexanol ,53.28289474,40.05921053,1.368421053,8.625,3.256578947,1.039473684,2.289473684,4,4.217105263,6.296052632,4.743421053,11.26973684,2.269736842,6.217105263,1.756578947,7.085526316,2.361842105,1.263157895,1.447368421,3.75,35.28289474
12180,Methyl butyrate ,65.03529412,28.70588235,1.129411765,12.30588235,6.164705882,2.294117647,2.376470588,3.364705882,1.905882353,23.89411765,3.423529412,6.152941176,6.023529412,15.72941176,7.352941176,4,12.83529412,1.023529412,0.223529412,5.129411765,10.41176471
12297,2-Hexanol ,62.35365854,41.46341463,1.256097561,9.829268293,1.268292683,0.43902439,1.573170732,4.817073171,6.658536585,5.353658537,1.963414634,7.292682927,4.634146341,3.756097561,1.634146341,7.817073171,2.93902439,1.902439024,3.853658537,3.158536585,29.09756098
12327,Ethyl undecanoate ,57.45882353,52.89411765,2.541176471,26.16470588,17.03529412,0.529411765,2.282352941,3.388235294,2.694117647,10.44705882,2.4,2.905882353,8.070588235,6.858823529,2.070588235,1.694117647,3.2,1.788235294,2.517647059,11.12941176,12.72941176
12506,Tetrahydrofurfuryl acetate ,42.62121212,43.16666667,1.303030303,6.712121212,2.318181818,2.575757576,4.363636364,3.833333333,5.333333333,8.484848485,4.075757576,7.727272727,2.333333333,9.545454545,4,5.757575758,3.863636364,2.439393939,1.772727273,3.954545455,18.22727273
12580,4-Propylphenol ,55.85365854,41.90243902,0.609756098,9.451219512,3.475609756,0.682926829,1.646341463,9.280487805,5.670731707,4.914634146,3.463414634,6.475609756,4.048780488,7.243902439,3.707317073,6.219512195,3.597560976,3.207317073,1.841463415,5.658536585,20.81707317
12587,4-Methylvaleric acid ,46.85074627,30.25373134,1.776119403,2.671641791,3.014925373,3.268656716,4.656716418,3.671641791,0.940298507,18.53731343,3.492537313,4.582089552,1.985074627,21.13432836,17.44776119,7.029850746,8.23880597,3.701492537,4.134328358,1.955223881,8.059701493
12741,2-Decanone ,36.01408451,49.74647887,2.408450704,16.23943662,5.126760563,0.521126761,2.647887324,4.450704225,3.309859155,2.521126761,4.915492958,4.394366197,3.845070423,6.830985915,3.211267606,5.14084507,3.450704225,2.436619718,1.38028169,8.957746479,11.15492958
12810,Delta-decalactone ,58.95454545,70.70454545,8.545454545,36.90909091,21.03409091,0.443181818,0.704545455,4.818181818,4.363636364,3.545454545,2.272727273,2.363636364,5.806818182,2.420454545,0.931818182,0.681818182,0.647727273,4.977272727,1.965909091,10.69318182,7.965909091
12813,Gamma-decalactone ,44.6746988,63.31325301,2.325301205,25.1686747,14.77108434,0.012048193,0.819277108,4.674698795,5.204819277,3.036144578,2.722891566,3.277108434,5.144578313,5.048192771,0.240963855,1.530120482,2.024096386,2.43373494,3.518072289,11.62650602,8.927710843
13561,6-Undecanone ,31.15254237,51.6779661,3.508474576,13.74576271,10.13559322,0.677966102,2.542372881,3.372881356,6.491525424,9.983050847,2.915254237,5.338983051,4.423728814,4.881355932,2.627118644,5.016949153,3.338983051,1.050847458,0.322033898,8.050847458,9.322033898
14104,1-Methyl-3-methoxy-4-isopropylbenzene ,39.61666667,44.05,0.966666667,2.25,0.55,0,3.333333333,15.13333333,2.283333333,3.183333333,5.533333333,8.416666667,7.183333333,2.816666667,2.666666667,1.75,2.633333333,7.216666667,0.816666667,3.7,17.96666667
14228,Hexyl octanoate ,21.2,48.76666667,1.4,11.13333333,4.666666667,2,3.966666667,5.933333333,5.666666667,7.6,1.633333333,3.7,6.066666667,2.966666667,8.2,3.766666667,0.266666667,2.266666667,7.233333333,8.633333333,7.233333333
14257,Undecane ,45.265625,39.328125,3.03125,2.609375,1.578125,0,2.921875,2.96875,2.59375,6.734375,7.40625,3.78125,3.140625,9.265625,2.6875,2.390625,5.96875,6.78125,4.59375,3,20.203125
14286,2-Acetyl pyridine ,77.42268041,51.21649485,17.50515464,5.927835052,0.092783505,0.422680412,4.288659794,11.56701031,2.81443299,4.618556701,11.92783505,1.474226804,11.62886598,7.958762887,3.927835052,2.030927835,4.092783505,4.597938144,1.103092784,1.144329897,5.525773196
14296,"2,3,5,6-Tetramethylpyrazine ",60.36486486,36.18918919,1.621621622,8.824324324,4.351351351,1.202702703,2.918918919,5.027027027,4.094594595,12.37837838,5.851351351,9.445945946,5.337837838,12.27027027,3.702702703,10,4.283783784,4.432432432,2.5,3.324324324,22.48648649
14491,"1,6-Hexanedithiol ",62.85915493,29.3943662,4.85915493,1.802816901,1.126760563,1.985915493,5.084507042,7.197183099,3.154929577,7.915492958,20.22535211,5.281690141,5.309859155,8.563380282,5.76056338,1.633802817,7.957746479,3.098591549,1.492957746,3.535211268,8.76056338
14514,2-Acetyl-5-methylfuran ,55.10810811,38.72972973,2.837837838,7.121621622,0.864864865,2.121621622,3.148648649,1.878378378,2.148648649,12.04054054,7.337837838,10.02702703,5.175675676,11.52702703,3.040540541,6.256756757,3.216216216,3.27027027,4.648648649,5.040540541,21.75675676
14525,L-fenchone ,48.6,46.01538462,1.815384615,10.70769231,1.323076923,0.015384615,1.184615385,7.353846154,10.07692308,4.030769231,3.353846154,3.707692308,9.015384615,7.569230769,2.692307692,7.030769231,1.584615385,5.507692308,5.630769231,7.184615385,27.61538462
15037,1-Furfurylpyrrole ,58.93670886,35.97468354,2.53164557,8.417721519,5.265822785,2.481012658,3.215189873,5.481012658,7.797468354,7,3.810126582,7.670886076,6.291139241,11.13924051,4.493670886,8.746835443,2.898734177,2.189873418,9,4.101265823,17.55696203
15380,Bis(methylthio)methane ,60.62195122,32.1097561,1.902439024,5.207317073,1.926829268,4.682926829,16.68292683,7.012195122,4.304878049,16.08536585,4.280487805,9.085365854,4.243902439,12.79268293,7.12195122,7.43902439,12.59756098,3.475609756,1.865853659,1.012195122,15.09756098
15510,Cyclopentanethiol ,85.82474227,20.28865979,1.113402062,1.041237113,0.020618557,10.13402062,34.8556701,18.19587629,0.24742268,15.62886598,8.896907216,4.546391753,9.432989691,13.42268041,7.969072165,10.55670103,15.74226804,2.340206186,0.659793814,0.278350515,10.59793814
15717,Allyl phenylacetate ,30.57142857,37,1.685714286,6.685714286,2.6,0.2,5.885714286,5.771428571,0,13.02857143,6.2,2.8,10.14285714,9.742857143,7.114285714,11.22857143,1.428571429,4.142857143,4.857142857,7.742857143,8.542857143
16255,Isoamyl octanoate ,48.22368421,53.48684211,1.25,20.13157895,7.407894737,1.447368421,3.539473684,2.736842105,4.236842105,5.578947368,3.421052632,3.657894737,5.881578947,5.684210526,2.171052632,3.907894737,1.921052632,3.763157895,2.013157895,9.434210526,15.77631579
16324,Allyl butyrate ,69.90697674,27.69767442,1.453488372,7.662790698,4.802325581,3.337209302,4.290697674,4.511627907,4.639534884,21.8255814,4.313953488,5.255813953,5.337209302,19.01162791,14.31395349,7.581395349,13.36046512,0.779069767,1.976744186,3.162790698,10.12790698
16741,2-Phenylethyl isothiocyanate ,59.44186047,29.01162791,1.744186047,3.093023256,0.593023256,3.662790698,5.488372093,8.546511628,2.546511628,8.651162791,16.73255814,6.348837209,5.511627907,10.25581395,5.837209302,6.38372093,7.604651163,4.895348837,3.430232558,1.860465116,10.8255814
17121,1-Octen-3-yl acetate ,43.79452055,39.05479452,0.602739726,8.287671233,3.260273973,0.575342466,2.630136986,3.684931507,5.287671233,7.150684932,2.410958904,4.657534247,3.178082192,10.38356164,1.506849315,2.424657534,4.369863014,4.04109589,5.287671233,5.410958904,7.890410959
17525,Hexyl butyrate ,36.30434783,38.68115942,1.782608696,7.101449275,2.637681159,4.333333333,4.260869565,5.072463768,3.652173913,13.95652174,3.927536232,4.52173913,3.52173913,10.07246377,9.434782609,3.623188406,8.666666667,1.637681159,1.869565217,3,11.76811594
17617,Allyl cyclohexanepropionate ,50.7826087,57.68115942,7.84057971,23.50724638,10.37681159,0.217391304,0.753623188,8.608695652,2.086956522,3.695652174,3.434782609,4.985507246,7.739130435,7.289855072,0.637681159,2.202898551,0.492753623,4.31884058,3.68115942,6.594202899,7.449275362
18554,2-Ethylfuran ,47.36923077,36.30769231,1.246153846,4.769230769,0.461538462,2.230769231,2.4,4.153846154,4.692307692,9.030769231,7.784615385,7.769230769,3.076923077,13.46153846,2.415384615,5.907692308,5.246153846,6.984615385,3.830769231,3.8,27.8
18635,3-(Methylthio)propionaldehyde ,75.98888889,27.57777778,3.8,1.4,1.922222222,8.444444444,6.755555556,9.444444444,1.366666667,16.97777778,5.811111111,3.977777778,12.6,15.13333333,9.3,7.6,14.13333333,1.122222222,2.688888889,1.8,7.6
18827,1-Octen-3-ol ,53.42857143,42.03571429,3.202380952,5.523809524,1.416666667,1.035714286,0.845238095,5.523809524,8.523809524,7.892857143,4.738095238,7.345238095,5.226190476,12.30952381,3.321428571,3.952380952,3.726190476,6.392857143,4.25,5.047619048,12.52380952
19310,Dimethyl trisulfide ,71.11891892,23.21081081,1.708108108,0.940540541,0.021621622,9.081081081,23.19459459,12.57837838,2.118918919,14.77297297,6.681081081,5.621621622,5.886486486,11.06486486,5.881081081,5.205405405,15.36216216,0.783783784,1.081081081,0.8,9.318918919
21057,1-Hepten-3-ol ,69.73626374,30.89010989,0.032967033,6.054945055,3.098901099,2.197802198,5.461538462,6.549450549,3.78021978,13.20879121,6.747252747,8.21978022,6.659340659,8.637362637,3.307692308,6.285714286,4.043956044,2.802197802,5.406593407,3.362637363,28.72527473
21648,4-(4-Hydroxyphenyl)-2-butanone ,48.88235294,50.76470588,3.623529412,19.67058824,8.741176471,1.505882353,2.552941176,6.917647059,4.176470588,4.682352941,5.164705882,2.541176471,6.164705882,6.282352941,3.011764706,2.235294118,2.352941176,1.458823529,3.517647059,8.611764706,10.28235294
22310,Linalool oxide ,34.96721311,48.57377049,0.31147541,8.557377049,4.459016393,0.081967213,2.196721311,1.278688525,9.442622951,6.868852459,3.606557377,9.557377049,4.114754098,4.950819672,1.590163934,4.885245902,4.213114754,5.262295082,6.950819672,6.836065574,17.2295082
22873,Hexyl hexanoate ,55.56962025,46.15189873,1.594936709,14.30379747,5.17721519,0.53164557,0.632911392,4.924050633,1.987341772,6.911392405,5.53164557,2.569620253,4.35443038,8.835443038,4.253164557,4.113924051,3.974683544,3.544303797,2.974683544,7.784810127,16.65822785
23235,Hexyl benzoate ,57.09411765,36.72941176,0.688235294,9.158823529,3.847058824,1.135294118,1.588235294,3.241176471,6.435294118,6.3,9.2,10,4.723529412,7.605882353,2.870588235,5.988235294,3.852941176,5.741176471,2.970588235,3.452941176,23.52352941
23642,2-Methoxythiophenol ,69.3943662,26.76056338,2.929577465,3.169014085,1.253521127,8.056338028,5.521126761,6.676056338,4.23943662,12.92957746,16.98591549,8,5.704225352,17.85915493,4.070422535,11.66197183,10.53521127,4.225352113,4.154929577,2.873239437,15.61971831
24116,Allyl anthranilate ,40.20833333,52.01388889,1.194444444,13.83333333,9.597222222,0.708333333,1.402777778,3.430555556,8.513888889,5.847222222,1.055555556,3.888888889,8.194444444,7.805555556,1.75,2.875,2.791666667,2.805555556,0.916666667,12.06944444,16.25
24197,Diethyl malate ,21.43181818,44.36363636,4.318181818,4.590909091,3.136363636,5.704545455,5,6.863636364,8.659090909,12.40909091,2.568181818,6.727272727,6.522727273,10.90909091,7.681818182,4.522727273,3,3.227272727,3.477272727,2.340909091,10.31818182
24513,Decanal dimethyl acetal ,54.15789474,51.46052632,2.276315789,16.69736842,13.67105263,0.013157895,1.671052632,4.552631579,6.986842105,8.421052632,4.289473684,5.605263158,3.697368421,4.605263158,1.815789474,1.763157895,3.131578947,3.710526316,9.671052632,9.75,14.89473684
24834,4-Ethoxybenzaldehyde ,52.79268293,66.2195122,6.5,34.93902439,13.45121951,0.012195122,1.512195122,8.292682927,4.341463415,4.012195122,0.609756098,2.756097561,11.70731707,4.87804878,0.768292683,1.695121951,0.426829268,1.109756098,3.195121951,20.62195122,6.182926829
26331,2-Ethyl pyrazine ,61.625,41.975,8.3625,8.5625,0.7625,0.6375,1.65,4.9375,5.325,10.4875,11.525,4.2375,6.75,9.6125,4.85,3.275,4.6625,4.05,1.3875,1.3375,11.6375
27457,2-Ethyl-3-methylpyrazine ,75.33333333,39.625,12.6875,9.71875,0.65625,3.5,3.635416667,6.5625,2.927083333,8.979166667,18.3125,2.489583333,8.583333333,12.13541667,5.03125,3.34375,7.010416667,9.1875,2.760416667,1.260416667,6
27458,"2,3-Diethylpyrazine ",54.53424658,35.17808219,1.794520548,3.917808219,0.315068493,0.01369863,0.849315068,5.575342466,7.835616438,7.136986301,3.424657534,4.506849315,1.630136986,11.45205479,3.98630137,4.191780822,13.52054795,11.7260274,9.109589041,3.191780822,13.21917808
31209,Alpha-amylcinnamaldehyde ,61.03333333,38.71111111,0.855555556,7.155555556,5.366666667,0.622222222,2.044444444,3.188888889,6.177777778,8.622222222,6.044444444,5.2,5.2,13,9.322222222,4.888888889,3.011111111,4.9,5.266666667,3.688888889,16.57777778
31225,Phenethyl propionate ,39.56578947,54.44736842,1.289473684,14.60526316,2.197368421,1.197368421,2.118421053,4.789473684,0.644736842,6.421052632,2.605263158,2.973684211,5.236842105,8.315789474,6.276315789,2.197368421,2.368421053,4.342105263,3.065789474,18.75,11.26315789
31234,3-Phenyl-1-propanol ,49.5,45.425,4.7125,18.2,2.75,0,1.1,7.7875,4.6875,6.8,2.125,4.5625,3.4,8.1875,4.4875,6.775,4.4625,2.55,2.4375,9.625,4.025
31244,p-Anisaldehyde ,60.01123596,64.24719101,3.08988764,29.53932584,9.101123596,0,0.269662921,4.808988764,4.786516854,3.202247191,1.370786517,2.943820225,6.011235955,3.056179775,2.011235955,3.370786517,1.337078652,2.415730337,5.146067416,12.1011236,12.39325843
31246,4-Heptanone ,54.44318182,50.23863636,1.454545455,18.34090909,6.545454545,0.579545455,1.602272727,5.886363636,7.977272727,3.704545455,1.977272727,11.65909091,3.965909091,3.545454545,1.090909091,6.511363636,1.727272727,0.875,2.284090909,3.238636364,34.39772727
31249,Diethyl succinate ,59.38823529,61.09411765,1.223529412,28.72941176,14.2,0.035294118,0.470588235,6.847058824,10.57647059,8.176470588,2.352941176,5.917647059,3.341176471,3.435294118,0.694117647,3,1.882352941,4.352941176,3.752941176,12.09411765,16.56470588
31252,"2,5-Dimethyl pyrazine ",46.39655172,41.5862069,0.913793103,7.327586207,1.862068966,0.172413793,2.74137931,1.275862069,4.137931034,5.75862069,2.74137931,6.568965517,3.620689655,11.01724138,3.706896552,6.568965517,3.672413793,5.051724138,4.637931034,4.413793103,19.22413793
31260,Isoamyl alcohol ,51,48.13846154,7.615384615,24.69230769,8.738461538,0.815384615,1.138461538,4.753846154,1.769230769,12.24615385,0.923076923,2.353846154,6.323076923,9.984615385,5.661538462,2.784615385,3.830769231,2.2,2.676923077,6.676923077,9.138461538
31265,Ethyl hexanoate ,67.0326087,75.65217391,12.66304348,53.20652174,34.13043478,0.184782609,0.076086957,5.358695652,5.065217391,3.956521739,1.02173913,2.815217391,5.032608696,0.75,0.260869565,0.489130435,1.543478261,0.25,0.826086957,9.97826087,7.956521739
31268,Pyrrolidine ,25.64705882,40.49019608,0.666666667,3.352941176,1.745098039,2.333333333,3.705882353,2.509803922,2.980392157,9.647058824,3.098039216,4.058823529,5.784313725,10,11.45098039,8.176470588,2.941176471,2.31372549,1.705882353,3.294117647,7.235294118
31272,Butyl acetate ,57.44705882,57.65882353,1.482352941,22.41176471,7.705882353,0.023529412,0.176470588,2.188235294,5.905882353,2.823529412,0.6,9.623529412,2.670588235,1.2,1.117647059,5.211764706,0.4,0.176470588,1.011764706,12.71764706,27.22352941
31404,Butylated hydroxytoluene ,30.96296296,51.88888889,1.685185185,7.240740741,0.981481481,0.722222222,2.407407407,8.555555556,4.759259259,4.962962963,2.555555556,4.833333333,8.648148148,8.018518519,0.62962963,3.592592593,0.5,7.203703704,2.759259259,4.055555556,16.03703704
32594,2-Isobutyl-3-methoxypyrazine ,76.11340206,39.78350515,3.329896907,5.804123711,1.06185567,0.721649485,6.422680412,14.53608247,2.87628866,3.639175258,9.93814433,8.536082474,7.917525773,4.618556701,1.525773196,1.865979381,2.443298969,7.886597938,15.98969072,4.845360825,7.474226804
36822,"5,6,7,8-Tetrahydroquinoxaline ",58.21518987,50.46835443,8.278481013,8.202531646,1.506329114,0.341772152,4.82278481,7.341772152,1.544303797,6.278481013,8.46835443,3.506329114,9.759493671,14.75949367,6.316455696,3.708860759,3.189873418,4.303797468,3.139240506,2.012658228,7.455696203
60999,Benzyl phenylacetate ,47.88888889,36.03174603,4.206349206,12.04761905,0.222222222,1.206349206,3,4.857142857,2.73015873,12.06349206,3.793650794,5.53968254,8.444444444,12.93650794,8.873015873,9.761904762,3.936507937,6.253968254,3.349206349,7.714285714,7.126984127
61005,2-Phenoxyethyl isobutyrate ,48.640625,48.03125,1.03125,12,2.4375,0.453125,0.5625,6.0625,6.546875,4.71875,1.71875,7.46875,6.109375,7.671875,1.921875,6.1875,3.734375,4.34375,2.40625,11.1875,25.875
61027,Butyl 10-undecenoate ,49.63768116,38.04347826,1.449275362,7.260869565,4.536231884,3.173913043,2.434782609,3.797101449,6.869565217,5.536231884,11.66666667,6.202898551,10.4057971,8.057971014,2.695652174,2.449275362,6.173913043,5.507246377,1.652173913,4.898550725,10.68115942
61048,Isobutyl benzoate ,61.775,48.85,1.375,17.9125,8.7625,0.1125,0.75,8.5,5.4625,7.6125,6.075,7.15,6.75,2.8125,1.1,2.4625,3.9875,1.5875,4.725,7.3625,21.175
61052,3-Phenylpropyl propionate ,49.85074627,40.76119403,5.447761194,12.44776119,5.537313433,0.029850746,2,4.701492537,1.940298507,12.19402985,5.805970149,5.432835821,8.373134328,13.31343284,8.701492537,10.43283582,6.462686567,1.701492537,1.492537313,4.71641791,13.55223881
61130,(1R)-(-)-Myrtenal ,51.75,43.34375,1.375,9.53125,1.25,0.5,1.0625,9.328125,2.890625,6.125,3.734375,7.15625,5.5625,11.765625,3.71875,4.046875,4.0625,4.0625,4.84375,6.390625,18.71875
61138,4-Pentenoic acid ,74.45263158,14.41052632,0.726315789,1.326315789,0.021052632,2.473684211,4.431578947,2.894736842,0.463157895,32.10526316,4.978947368,5.789473684,4.021052632,28.11578947,22.70526316,9.305263158,24.16842105,0.757894737,1.694736842,0.357894737,9.652631579
61185,N-Amyl octanoate ,29.89361702,52.89361702,2.382978723,10.21276596,0.936170213,3.978723404,4.085106383,6.319148936,3.042553191,4.170212766,2.680851064,4.70212766,3.021276596,7.957446809,4.170212766,1.914893617,1,7.829787234,6.319148936,10.5106383,8.914893617
61192,4-Methyl-5-thiazoleethanol acetate ,53.73809524,38.88095238,6.678571429,5.702380952,2.273809524,3.428571429,9.738095238,7.166666667,1.464285714,7.107142857,7.333333333,0.476190476,7.261904762,9.94047619,4.023809524,3.75,4.702380952,1.5,1.928571429,0.011904762,6.214285714
61199,5-Ethyl-3-hydroxy-4-methyl-2(5H)-furanone ,50.12162162,62.65540541,19.41216216,34.08108108,6.114864865,0.689189189,1.986486486,10.57432432,3.554054054,2.067567568,5.925675676,1.540540541,7.114864865,5.013513514,0.966216216,1.925675676,0.824324324,4.25,2.945945946,5.412162162,6.135135135
61204,Delta-undecalactone ,51.8875,60.175,3.2375,26.5875,13.1875,1.3375,2.6125,4.525,4.925,6.2375,3.15,3.7125,4.85,6.2,1.4375,1.0625,2.1875,1.25,1.7375,9.8375,11.725
61209,Methylcyclopentenolone ,78.83505155,39.97938144,8.628865979,14.67010309,2.134020619,1.484536082,2.113402062,7.12371134,1.81443299,8.670103093,31.60824742,4.948453608,13.39175258,8.113402062,3.24742268,2.649484536,3.092783505,5.87628866,0.226804124,1.989690722,9.886597938
61229,Vanillin acetate ,61.65934066,72.83516484,33.16483516,48.38461538,5.736263736,0.021978022,0.879120879,7.461538462,2.571428571,1.186813187,3.637362637,1.274725275,17.43956044,3.175824176,0.021978022,0.021978022,0.747252747,3.208791209,1.120879121,4.582417582,4.472527473
61293,Ethyl-3-hydroxyhexanoate ,47.1375,51,0.625,13.45,7.65,1.75,2.425,6.3625,3.2,6.05,5.2375,3.55,8.6625,6.9625,8.075,1.1,1.4125,3.975,7.8125,11.6375,9.8625
61325,"2,5-Dimethyl-4-methoxy-3(2H)-furanone ",66.17021277,26.93617021,3.531914894,4.882978723,0.446808511,0.946808511,1.968085106,7.287234043,2.382978723,19.34042553,8.5,8.287234043,7.14893617,12.22340426,6.861702128,4.617021277,6.755319149,3.361702128,2.691489362,0.595744681,15.5106383
61331,Guaiacyl phenylacetate ,67.71428571,37.9010989,1.945054945,10.98901099,1.417582418,0.978021978,0.615384615,7.307692308,5.868131868,7.406593407,3.307692308,7.274725275,3.89010989,13.41758242,5.802197802,11.12087912,4.483516484,0.527472527,3.67032967,11.85714286,22.75824176
61337,Allyl 2-furoate ,47.24657534,37.31506849,0.04109589,3.684931507,2.616438356,3.643835616,3.287671233,13.63013699,4.136986301,4.97260274,5.136986301,4.849315068,4.780821918,7.863013699,1.479452055,1.767123288,9.054794521,3.890410959,3.917808219,1.780821918,17.12328767
61386,Isoamyl laurate ,47.90625,38.046875,2.890625,10.28125,0.46875,1.90625,2.171875,5.078125,2.234375,10.90625,6.171875,4.03125,5.671875,11.296875,6.828125,2.828125,7.59375,3.765625,1.0625,2.984375,10.609375
61408,Allyl 2-ethylbutyrate ,52.92771084,58.54216867,3.855421687,28.27710843,10.13253012,0.927710843,1.831325301,2.65060241,4.915662651,6.409638554,2.951807229,6.686746988,4.289156627,5.325301205,2.036144578,4.614457831,5.698795181,1.530120482,1.096385542,7.373493976,13.26506024
61527,"3-Acetyl-2,5-dimethylfuran ",50.01470588,37.72058824,4.220588235,11.70588235,1.588235294,0.867647059,1.926470588,3.470588235,4.485294118,3.529411765,6.882352941,2.75,4.661764706,11.36764706,3.558823529,5.617647059,5.323529412,5.088235294,3.852941176,2.470588235,9.411764706
61641,Methyl 3-(methylthio)propionate ,28.49152542,43.28813559,0.322033898,7.355932203,0.033898305,2.542372881,3.661016949,5.457627119,4.423728814,10.55932203,6.830508475,5.271186441,3.406779661,9.457627119,5.813559322,3.813559322,4.542372881,8.220338983,8.830508475,5.406779661,8
61653,"2,4,5-Trimethylthiazole ",56.0875,36.9375,9.125,9.1375,1.275,0.225,1.625,5.3625,2.75,5.05,7.9375,4.375,5.6,7.7625,3.7,4.65,7.4125,7.525,7.65,1.8375,10.8375
61659,"2,2'-(Thiodimethylene)difuran ",75.86315789,24.06315789,6.789473684,2.852631579,0.231578947,5.010526316,9.378947368,5.094736842,2.610526316,9.936842105,28.36842105,6.726315789,7.631578947,11.27368421,5.526315789,5.589473684,9.242105263,5.578947368,4.157894737,0.705263158,10.75789474
61670,5-Methylquinoxaline ,40.73684211,47.85964912,13.33333333,8.403508772,1.824561404,0,5.298245614,8.122807018,3.561403509,6.754385965,5.192982456,2.49122807,6.684210526,7.280701754,4.192982456,1.122807018,3.122807018,3.070175439,3.561403509,2.140350877,4.368421053
61809,2-Ethoxythiazole ,67.13829787,30.17021277,3.936170213,12.27659574,2.521276596,2.840425532,6.287234043,6.946808511,2.414893617,12.13829787,10.71276596,8.893617021,5.85106383,7.031914894,2.765957447,6.085106383,5.531914894,2.063829787,2.234042553,3.021276596,20.88297872
61918,2-Acetyl-3-ethylpyrazine ,66,31.31764706,5.023529412,5,0.176470588,1.435294118,1.8,3.776470588,6.623529412,8.070588235,9.341176471,4.564705882,8.776470588,14.23529412,8,5.729411765,15.6,11.09411765,9.988235294,1,11.50588235
61945,Pyrazineethanethiol ,30.32432432,48.56756757,1.864864865,10.67567568,1.810810811,0.027027027,2.432432432,5.567567568,8.594594595,3.540540541,5.945945946,3.432432432,3.486486486,10.48648649,2.243243243,2.675675676,2.081081081,3.297297297,3.189189189,4.189189189,8.108108108
62087,2-Mercapto-3-butanol ,38.2,46.26,4.82,6.94,0.18,1.58,2.82,4.9,8.1,9.38,4.5,5.78,6.8,7.42,2.24,14.36,5.72,3.46,1.76,4.7,7.38
62144,2-Furanmethanethiol formate ,87.30927835,23.57731959,5.835051546,5.278350515,0.257731959,6.360824742,15.4742268,7.608247423,0.711340206,12.5257732,35.78350515,6.690721649,14.77319588,13.81443299,5.927835052,7.402061856,13.95876289,7.24742268,1.75257732,1.731958763,8.113402062
62332,Phenethyl salicylate ,32.84,55.06,1.22,14.3,1.7,1.3,3.2,5.06,3.06,3.26,1.24,2.06,6.72,5.86,1.2,1.3,3.3,2.48,5.02,12.16,12.38
62374,4-Oxoisophorone ,42.90140845,49.46478873,0.084507042,11.45070423,4.521126761,0.676056338,1.971830986,4,6.366197183,6.971830986,0.450704225,3.774647887,5.112676056,7.901408451,3.464788732,2.873239437,3.647887324,4.338028169,4.535211268,4.887323944,15.11267606
62375,Benzaldehyde dimethyl acetal ,53.14634146,41.79268293,1.585365854,7.93902439,1.853658537,0.634146341,2.573170732,4.963414634,5.573170732,9.012195122,3.073170732,8.829268293,5.207317073,7.170731707,5.036585366,6.402439024,3.134146341,1.975609756,4.524390244,4.524390244,20.84146341
62378,Dihydrojasmone ,55.6125,46.9625,1.575,13.9875,5.2625,0.25,0.9875,8.75,4.6375,4.0625,3.6375,3.7,3.7625,5.5125,2.0375,4.875,1.9625,0.925,6.6375,9.9625,13.975
62444,Methyl thiobutyrate ,81.20618557,10.17525773,0.041237113,1.577319588,1.855670103,8.072164948,6.010309278,5.237113402,3.340206186,32.6185567,5.608247423,5.855670103,3.731958763,15.49484536,15.19587629,10.84536082,46.31958763,1.659793814,1.340206186,0.93814433,6.350515464
62580,Piperonyl isobutyrate ,29.6122449,46.93877551,0.510204082,11.7755102,2.734693878,0,0.612244898,1.755102041,5.204081633,12.02040816,4.265306122,4.93877551,4.632653061,8.551020408,6.591836735,3.142857143,4.040816327,2.836734694,2.040816327,10.79591837,11.16326531
62725,2-Isobutylthiazole ,49,44.65789474,0.052631579,5.394736842,3.157894737,3.013157895,3.197368421,5.657894737,4.592105263,6.921052632,4.184210526,6.736842105,4,4.618421053,1.118421053,5.105263158,1.447368421,5.210526316,4.157894737,3.394736842,23.47368421
62835,"4,5-Dimethyl-3-hydroxy-2,5-dihydrofuran-2-one ",59.61728395,54.98765432,14.56790123,22.97530864,2.160493827,0.666666667,4.987654321,9.407407407,2.50617284,6.790123457,9.259259259,2.962962963,6.87654321,5.135802469,1.592592593,4.259259259,2.802469136,3.308641975,1.691358025,3.901234568,4.530864198
62900,Whiskey lactone ,63.10227273,64.38636364,10.26136364,34.38636364,13.11363636,0.340909091,1.738636364,6.318181818,3.522727273,2.045454545,0.738636364,1.068181818,6.136363636,4.306818182,0.875,0.113636364,1.181818182,3.625,1.159090909,8.375,6.954545455
62902,Ethyl 2-methylpentanoate ,56.36702128,70,4.60106383,46.68085106,29.44148936,0.058510638,0.819148936,1.781914894,4.260638298,5.531914894,0.303191489,2.79787234,6.053191489,2.904255319,0.723404255,0.10106383,0.914893617,0.361702128,2.60106383,16.5212766,5.723404255
69963,5-Hexen-1-ol ,47.36764706,49.70588235,3.470588235,12.52941176,5.514705882,1.779411765,1.926470588,5.367647059,3.235294118,8.088235294,2.588235294,2.5,4.411764706,5.573529412,2,3.485294118,0.838235294,1.897058824,13.77941176,11.55882353,7.308823529
78925,2-(Methylthio)ethanol ,64.85294118,35.97058824,3.470588235,1.867647059,0.029411765,6.397058824,24.64705882,12.45588235,3.191176471,14.52941176,3.617647059,3.808823529,5.25,10.17647059,6.338235294,3.941176471,11.25,1.882352941,1.838235294,2.147058824,6.617647059
82227,Alpha-pinene ,46.76712329,48.80821918,0.616438356,5.589041096,2.808219178,0.397260274,0.876712329,9.780821918,3.178082192,5.438356164,3.054794521,7.383561644,5.589041096,4.575342466,1.219178082,4.397260274,0.643835616,7.726027397,6.205479452,6.931506849,22.50684932
85522,Methyl (methylthio)acetate ,63.89156627,26.77108434,0.084337349,5.759036145,1.771084337,6.843373494,9.963855422,9.65060241,4.168674699,19.97590361,6.397590361,6.686746988,6.024096386,11.3373494,6.698795181,12.09638554,17.02409639,0.192771084,1.325301205,1.602409639,18.13253012
88454,Hexyl propionate ,55.07272727,51.58181818,1.363636364,24.18181818,14.09090909,0.527272727,2.872727273,1.963636364,2.927272727,3.181818182,2.381818182,2.636363636,2.927272727,4.690909091,1.454545455,1.981818182,3.927272727,2.836363636,2.581818182,4.254545455,13
89440,"6-Acetyl-1,1,2,4,4,7-hexamethyltetralin ",42.73684211,67.84210526,1.184210526,25.86842105,3.223684211,0.842105263,0.657894737,5.407894737,3.013157895,3.5,0.723684211,3.263157895,7,8.105263158,0.776315789,1.921052632,2.605263158,3.697368421,4.276315789,29.32894737,11.28947368
92979,Androstadienone ,53.10447761,33.02985075,0.253731343,4.23880597,1.388059701,0.268656716,2.194029851,6.686567164,11.1641791,7.671641791,5.76119403,12.64179104,3.791044776,13.8358209,8.253731343,15.62686567,4.23880597,5.253731343,1.567164179,4.089552239,25.31343284
93375,Trivertal ,50.79104478,47.73134328,2.253731343,11.17910448,7.805970149,0.925373134,1.119402985,6.014925373,4.820895522,13.55223881,2.985074627,5.194029851,2.28358209,10,2.671641791,2.820895522,2.044776119,6.910447761,11.41791045,4.76119403,12.28358209
98330,"2,5-Dihydroxy-1,4-dithiane ",87.75257732,16.51546392,3.113402062,1.24742268,0.762886598,11.01030928,7.731958763,4.680412371,3.175257732,15.90721649,29.02061856,6.670103093,6.443298969,10.3814433,7.742268041,8.721649485,21.94845361,0.432989691,0.216494845,0.020618557,14.84536082
101010,"2-Methyl-4-propyl-1,3-oxathiane ",53.25373134,42.55223881,2.582089552,8.417910448,10.43283582,3.507462687,4.597014925,4.343283582,2.880597015,12.40298507,5.671641791,4.298507463,6.119402985,13.3880597,8.895522388,6.686567164,3.820895522,3.820895522,3.328358209,3.582089552,11.8358209
101604,Nopol acetate ,48.78823529,69.35294118,8.764705882,46.50588235,27.65882353,0,0,5.211764706,6.364705882,3.105882353,1.352941176,0.835294118,6.964705882,1.305882353,0.694117647,0.376470588,2.129411765,1.105882353,2.611764706,12.62352941,8.658823529
104721,"2-Acetyl-3,5(6)-dimethylpyrazine ",75.20833333,41.3125,12.40625,13.875,0.135416667,0.864583333,1.520833333,4.614583333,4.15625,9.666666667,15.8125,6.802083333,6.854166667,11.9375,2.760416667,4.34375,8.354166667,12.03125,1.71875,1.666666667,10.4375
106997,2-Ethylfenchol ,60.13157895,40.72368421,1.947368421,4.092105263,2.855263158,1.368421053,1.355263158,3.710526316,7.355263158,5.131578947,4.552631579,6.157894737,4.460526316,10.81578947,1.342105263,9.171052632,3.263157895,7.684210526,20.72368421,7.355263158,13.46052632
145742,L-Proline ,71.74157303,25.37078652,1.943820225,4.97752809,2.157303371,3.516853933,5.584269663,2.651685393,1.471910112,10.04494382,8.865168539,6.584269663,7.202247191,15.23595506,10.79775281,12.7752809,8,3.752808989,2.865168539,2.247191011,17.03370787
159055,D-Camphor ,77.4893617,51.09574468,0.095744681,4.574468085,0.946808511,0.64893617,1.329787234,6.914893617,12.53191489,4.617021277,2.436170213,10.18085106,9.063829787,3.20212766,0.265957447,10.20212766,1.340425532,2.425531915,5.872340426,5.765957447,37.73404255
165675,( + )-Menthol ,68.75555556,54.68888889,1.277777778,11.72222222,1.388888889,0.188888889,1.088888889,7.111111111,14.64444444,2.811111111,2.733333333,7.777777778,4.888888889,2.588888889,0.633333333,3.588888889,1.855555556,2.788888889,6.688888889,6.977777778,31.18888889
170833,(-)-Isopulegol ,62.97222222,51.5,1.930555556,12.48611111,1.458333333,0.319444444,1.236111111,9.902777778,10.94444444,6.208333333,4.263888889,9.444444444,6.055555556,3.916666667,1.5,6,1.555555556,1.513888889,4.138888889,4.625,32.95833333
220674,L-Menthyl acetate ,48.71917808,58.9109589,1.205479452,14.26712329,3.253424658,0.493150685,1.787671233,9.698630137,5.349315068,4.582191781,3.465753425,5.636986301,5.369863014,3.52739726,1.308219178,2.068493151,2.965753425,8.630136986,7.143835616,6.97260274,13.89726027
228769,Octyl isovalerate ,27.11538462,45.13461538,1.634615385,3.846153846,2.230769231,3.365384615,4.865384615,3.096153846,4.173076923,7.557692308,3.826923077,1.442307692,1.788461538,8.442307692,4.75,4.423076923,1.25,7.115384615,9.653846154,4.576923077,7.730769231
235414,Omega-Pentadecalactone ,46.73913043,66.11594203,2.884057971,25.65217391,5.188405797,0.014492754,0.014492754,2.144927536,6.753623188,0.927536232,0.289855072,2.942028986,5.52173913,4.913043478,1.101449275,2.376811594,2.550724638,2.47826087,1.231884058,26.95652174,11.63768116
246728,3-Octanone ,52.69135802,51.22222222,1.802469136,21.92592593,9.962962963,0.061728395,1.382716049,6.987654321,5.49382716,7.172839506,1.345679012,5.271604938,3.074074074,5.530864198,4.87654321,2.37037037,4.086419753,4.592592593,1.901234568,5.580246914,16.03703704
439570,(-)-Carvone ,78.64285714,78.58163265,1.346938776,39.58163265,7.87755102,0.020408163,0.265306122,12.03061224,13.36734694,2.12244898,0.806122449,2.428571429,3.091836735,2.224489796,0.734693878,0.346938776,0.765306122,1.234693878,3.142857143,7.418367347,10.40816327
440967,(-)-Beta-pinene ,56.94871795,51.20512821,2.525641026,8.487179487,4.820512821,0.448717949,1.884615385,9.858974359,10.47435897,6.243589744,3.423076923,7.243589744,9.423076923,4.820512821,0.935897436,5.615384615,2.397435897,9.756410256,7.884615385,7.051282051,24.79487179
444539,Trans-cinnamic acid ,65.55913978,41.92473118,13.17204301,18.65591398,3.043010753,3.956989247,3.698924731,12.78494624,1.677419355,10.20430108,3.47311828,5.172043011,9.021505376,11.84946237,8.591397849,7.559139785,8.064516129,2.161290323,1.784946237,3.483870968,6.64516129
444683,(S)-( + )-2-Butanol ,19.33333333,50.90740741,3.12962963,9.907407407,1.796296296,1.833333333,2.185185185,10.35185185,6.444444444,3.259259259,3.12962963,1.685185185,5.351851852,7.574074074,1.962962963,2.537037037,1.962962963,4.425925926,3.722222222,3.203703704,13.2962963
444972,Fumaric acid ,47.68333333,41,0.983333333,7.433333333,1.566666667,1.383333333,2.383333333,6.75,2.45,16.11666667,5.216666667,3.116666667,3.2,10.78333333,6.6,2.766666667,3.466666667,4.383333333,3.733333333,4.833333333,9.716666667
519539,2-(1-Methylpropyl)thiazole ,72.2688172,28.3655914,0.612903226,3.483870968,4.795698925,1.075268817,6.752688172,6.752688172,2.709677419,15.02150538,7.043010753,13.66666667,5.924731183,12.23655914,8.397849462,6.483870968,4.795698925,2.451612903,13.46236559,3.35483871,18.49462366
520191,"3-Acetyl-2,5-dimethylthiophene ",56.1625,36.575,1.225,10.55,3.25,4.5875,2.2125,3.4375,3.9,9.5375,3.9875,7.3875,4.1125,16.625,6.95,9.3125,10.8125,3.1875,3.9375,8.15,14.6625
520296,Delta-tetradecalactone ,26.67857143,47.09821429,1.5,7.767857143,2.633928571,0.901785714,2.883928571,3.089285714,3.758928571,7.232142857,6.116071429,5.410714286,5.419642857,8.276785714,6.205357143,6.3125,2.0625,5.035714286,1.017857143,5.142857143,11.22321429
521238,3-Octyl acetate ,64.73809524,50.71428571,2.05952381,18.58333333,11.48809524,0.297619048,0.916666667,8.607142857,6.880952381,8.69047619,2.857142857,12.45238095,5.880952381,4.333333333,2.797619048,6.476190476,2.047619048,3.523809524,4.678571429,14.61904762,23.30952381
526618,2-Methyl-3-methylthiofuran ,52.8,30.37333333,5.44,3.413333333,1.56,3.12,8.04,10.49333333,2.626666667,9.973333333,7.733333333,4.626666667,8.093333333,13.70666667,9.96,7.253333333,6.093333333,3.826666667,1.026666667,0.4,10
556940,Ethyl 3-(furfurylthio)propionate ,68.15384615,25.14285714,1.714285714,0.89010989,0.10989011,5.197802198,9.186813187,6.318681319,2.32967033,9.67032967,30.26373626,7.186813187,7.076923077,9.32967033,6.351648352,4.703296703,7.461538462,3.989010989,2.131868132,0.604395604,16.95604396
565690,Menthyl isovalerate ,28.77586207,54.5862069,1.879310345,17.29310345,5.482758621,1,3.844827586,7,1.672413793,8.465517241,3.637931034,3.103448276,8.137931034,9.206896552,5.620689655,3.793103448,2,1.224137931,3.448275862,10.4137931,5.672413793
595928,Benzaldehyde propylene glycol acetal ,45.36538462,46.21153846,1.923076923,8.326923077,2.461538462,1.153846154,2.980769231,3.961538462,3.384615385,7.307692308,2.596153846,5.153846154,4.057692308,9.153846154,3.75,1.269230769,2.230769231,4.326923077,5.923076923,6.038461538,20.5
637563,Trans-anethole ,50.7012987,57.1038961,2.12987013,26.72727273,7.558441558,0.012987013,0.103896104,8.090909091,5.649350649,2.272727273,1.87012987,2.103896104,5.467532468,0.974025974,0.38961039,1.519480519,1.181818182,2.818181818,3.207792208,5.142857143,8.74025974
637566,Geraniol ,59.57647059,60.17647059,3.023529412,17.37647059,9.952941176,0,2.705882353,6.352941176,6.129411765,7.223529412,2.835294118,4.835294118,5.047058824,5.6,1.682352941,2.623529412,3.223529412,4.929411765,7.470588235,14.48235294,19.77647059
637776,Methyl isoeugenol ,34.39622642,51.35849057,10.37735849,19.98113208,4.754716981,1.943396226,1.735849057,6.58490566,2.509433962,5.943396226,7,2.320754717,6.094339623,5.283018868,4.679245283,2.490566038,2.641509434,7.037735849,1.79245283,7.830188679,7.094339623
637796,Isosafrole ,35.80645161,56.9516129,4.451612903,21.46774194,2.467741935,0.596774194,1.467741935,15.06451613,5.306451613,4.838709677,3.435483871,1.564516129,4,5.161290323,1.806451613,1.629032258,0.629032258,2.080645161,3.274193548,3.919354839,6.935483871
638014,Beta-ionone ,62.31325301,57.12048193,3.34939759,24.36144578,12.75903614,0.506024096,1.313253012,8.518072289,3.13253012,8.289156627,2.578313253,2.385542169,5.253012048,7.843373494,3.277108434,3.253012048,3.662650602,4.156626506,3.674698795,11.02409639,14.56626506
641423,Allyl cinnamate ,52.03947368,53.34210526,4.105263158,20.68421053,5.934210526,0.868421053,2.394736842,4.407894737,4.013157895,5.526315789,2.276315789,2.052631579,4.25,8.986842105,2.802631579,4.75,3.473684211,5.144736842,2.223684211,10.53947368,8.473684211
643820,Nerol ,54.76,55.64,3.2,17.32,13.12,0.013333333,2.746666667,9.826666667,6.653333333,4.973333333,2.933333333,6.333333333,2.8,4.72,0.746666667,4.266666667,2.093333333,3.773333333,7.2,7.48,16.16
1549026,Geranyl acetate ,20.17307692,52.07692308,5.173076923,9.673076923,4.557692308,1.384615385,1.692307692,1.076923077,2.403846154,10.25,5.192307692,2.961538462,5.923076923,6.192307692,1.980769231,3.365384615,2.288461538,4.269230769,4.461538462,5.346153846,5.384615385
1551246,"3,7-Dimethyl-2,6-octadienenitrile ",60.81521739,63.60869565,1.380434783,22.10869565,12.34782609,0.032608696,1.695652174,4.826086957,8.043478261,6.5,1.054347826,8.130434783,4.826086957,1.510869565,0.206521739,6.804347826,0.489130435,1.22826087,4.956521739,10.7173913,29.32608696
3578033,3-(5-Methyl-2-furyl)butanal ,56.04651163,34.38372093,2.151162791,5.825581395,3.837209302,1.244186047,1.581395349,3.976744186,5.441860465,15.63953488,4.162790698,8.476744186,5.023255814,13.93023256,10.6627907,3.686046512,4.093023256,3.988372093,1.837209302,1.569767442,13.62790698
5273467,Isoamyl cinnamate ,17.93617021,47.40425532,2.510638298,16.87234043,5.425531915,0.425531915,1.489361702,1.085106383,8.617021277,6.936170213,3.468085106,1.659574468,3.723404255,7.787234043,3.361702128,2,5.70212766,1.617021277,2.127659574,4.29787234,8.680851064
5280450,Linoleic acid ,79,24.78125,0.755208333,0.625,0.333333333,0.59375,0.9375,4.677083333,2.380208333,12.77083333,10.11458333,10.19791667,7.791666667,11.04166667,6.359375,8.21875,9.619791667,11.77604167,1.682291667,0.28125,23.77083333
5315892,Cinnamyl alcohol ,67.38636364,45.23863636,6.886363636,18.625,5.943181818,1.215909091,2.170454545,11.19318182,1.886363636,12.35227273,4.943181818,3.875,6.261363636,11.29545455,6.375,5.147727273,6.761363636,3.068181818,1.306818182,13.57954545,12.22727273
5362588,5-Methyl-2-hepten-4-one ,53.60493827,53.9382716,7.086419753,27.13580247,13.28395062,0.049382716,3.543209877,7.382716049,3.790123457,7.395061728,3.567901235,3.222222222,7.395061728,5.185185185,1.592592593,3.703703704,2.308641975,2.172839506,1.654320988,5.098765432,13.55555556
5362798,Cis-4-decen-1-ol ,51.12,50.34666667,1.693333333,15.22666667,4.173333333,0.013333333,1.973333333,7.413333333,4.226666667,6.973333333,3.346666667,4.306666667,8.48,6.586666667,5,5.666666667,2.64,2.68,6.213333333,10.09333333,19.45333333
5362814,Cis-4-heptenal ,61.49425287,31.16091954,3.517241379,2.471264368,4.620689655,9.264367816,3.735632184,7.264367816,3.793103448,11.4137931,3.298850575,3.540229885,7.574712644,10.52873563,4.252873563,2.747126437,9.643678161,3.770114943,3.459770115,5.206896552,6.264367816
5363388,Cis-3-hexenyl acetate ,62.76190476,67.52380952,6.297619048,34.48809524,31.76190476,0.083333333,0.130952381,3.333333333,7.345238095,3.595238095,1.488095238,1.333333333,5.892857143,0.297619048,0.357142857,1,2.452380952,1.071428571,17.53571429,13.45238095,4
5363491,"Trans,trans-2,4-hexadienyl acetate ",21.37837838,46.77027027,1.608108108,6.22972973,0.851351351,1.040540541,4.351351351,3.391891892,5.513513514,5.810810811,4.391891892,1.256756757,2.918918919,7.743243243,5.662162162,2.513513514,0.824324324,3.581081081,5.932432432,4.297297297,6.891891892
5364729,Allyl tiglate ,61.29787234,43.13829787,3.276595745,13.12765957,12.64893617,0.904255319,1.989361702,5.074468085,7.925531915,15.95744681,2.79787234,8.340425532,3.808510638,5.35106383,3.744680851,1.978723404,3.468085106,1.414893617,7.691489362,5.010638298,12.85106383
5365027,Cis-2-nonen-1-ol ,68,36.12359551,1.06741573,4.438202247,2.247191011,1.775280899,0.786516854,4.752808989,4.921348315,6.359550562,5.91011236,9.06741573,8.348314607,13.48314607,6.595505618,4.438202247,5.224719101,6.674157303,5.539325843,2.93258427,18.64044944
5365049,Cis-3-hexenyl propionate ,48.60869565,60.82608696,1.869565217,23.71014493,18.56521739,0.231884058,0.782608696,3.15942029,6.260869565,5.724637681,0.942028986,1.405797101,3.173913043,3.028985507,2.275362319,0.231884058,4.434782609,0.782608696,21.46376812,13.42028986,7.826086957
5366244,Phytol ,57.17460317,31.44444444,1.301587302,2.825396825,0.222222222,0.142857143,3.206349206,6,2.26984127,17.3968254,8.857142857,13.85714286,6.857142857,10.0952381,5.365079365,5.142857143,3.682539683,4.984126984,3.174603175,2.920634921,24.33333333
5367706,Cis-3-hexenyl benzoate ,38.5,44.67307692,2.269230769,6,0.865384615,1.480769231,2.25,3.980769231,1.942307692,5.307692308,1.903846154,3.653846154,4.211538462,9.807692308,3.615384615,2.980769231,3.326923077,6.596153846,8.692307692,3.519230769,8.769230769
5368076,Methyl trans-2-nonenoate ,38.78787879,53.04545455,2.287878788,15.59090909,12.48484848,0.348484848,1.318181818,2.484848485,4.348484848,6.833333333,2.46969697,4.712121212,3.696969697,6.772727273,1.363636364,0.606060606,2.712121212,1.742424242,4.060606061,6.348484848,11.33333333
6429333,2-Phenyl-2-butenal ,21.08333333,44,2.479166667,9.1875,0.770833333,0.895833333,4.291666667,3.625,5.770833333,12.22916667,1.625,2,5.75,12.125,6.4375,5.1875,1.1875,2.104166667,3.3125,7.541666667,11.875
6999977,Butyl (S)-(-)-lactate ,48.98412698,49.22222222,10.41269841,16.03174603,6.80952381,0.174603175,4.206349206,3.571428571,1.53968254,11.01587302,4.936507937,1.444444444,5.984126984,6.507936508,3.968253968,1.26984127,5.666666667,4.714285714,2.380952381,3.888888889,11